Date,Open,High,Low,Close
29/11/2019,12.5,12.83,12.12,12.62
27/11/2019,11.55,11.79,11.44,11.75
26/11/2019,11.88,12.04,11.42,11.54
25/11/2019,12.51,12.59,11.73,11.87
22/11/2019,12.82,13.25,12.33,12.34
21/11/2019,13.35,13.86,12.49,13.13
20/11/2019,13.42,14.17,12.61,12.78
19/11/2019,12.33,13.01,12.16,12.86
18/11/2019,12.39,13.1,12.32,12.46
15/11/2019,12.95,12.97,11.92,12.05
14/11/2019,13.16,13.81,12.93,13.05
13/11/2019,12.91,13.9,12.88,13
12/11/2019,12.64,13.1,12.36,12.68
11/11/2019,13.15,13.49,12.66,12.69
8/11/2019,12.98,13.05,12,12.07
7/11/2019,12.59,12.89,12.26,12.73
6/11/2019,13.18,13.39,12.6,12.62
5/11/2019,12.85,13.28,12.25,13.1
4/11/2019,12.68,13.13,12.44,12.83
1/11/2019,12.99,13.12,12.25,12.3
31/10/2019,12.21,13.95,12.19,13.22
30/10/2019,13.23,13.77,12.27,12.33
29/10/2019,13.16,13.52,13.07,13.2
28/10/2019,13.01,13.14,12.66,13.11
25/10/2019,13.53,13.79,12.62,12.65
24/10/2019,13.98,14.34,13.4,13.71
23/10/2019,14.83,15.12,14.01,14.01
22/10/2019,13.99,14.61,13.7,14.46
21/10/2019,14.24,14.63,14,14
18/10/2019,14.2,15.16,13.78,14.25
17/10/2019,13.79,14.18,13.31,13.79
16/10/2019,13.94,14.26,13.6,13.68
15/10/2019,13.94,14.43,13.39,13.54
14/10/2019,15.66,16.5,14.51,14.57
11/10/2019,17.35,17.44,15.11,15.58
10/10/2019,19.28,19.8,17.56,17.57
9/10/2019,19.94,20,17.77,18.64
8/10/2019,17.61,20.38,17.42,20.28
7/10/2019,18.27,18.52,16.44,17.86
4/10/2019,19.42,19.97,16.97,17.04
3/10/2019,20.11,21.44,19.03,19.12
2/10/2019,18.75,21.46,18.75,20.56
1/10/2019,16.02,18.62,15.79,18.56
30/9/2019,17.23,17.35,16.2,16.24
27/9/2019,15.77,18.69,15.15,17.22
26/9/2019,16.23,17.09,15.35,16.07
25/9/2019,17.05,18.45,15.69,15.96
24/9/2019,14.77,17.62,14.33,17.05
23/9/2019,15.35,16,14.71,14.91
20/9/2019,13.94,15.84,13.35,15.32
19/9/2019,14.66,14.66,13.31,14.05
18/9/2019,14.61,15.8,13.8,13.95
17/9/2019,14.92,15.03,14.4,14.44
16/9/2019,14.89,15.29,14.5,14.67
13/9/2019,14.16,14.31,13.51,13.74
12/9/2019,14.69,14.94,13.85,14.22
11/9/2019,15.33,15.52,14.55,14.61
10/9/2019,15.53,16.52,15.11,15.2
9/9/2019,15.26,16.13,14.95,15.27
6/9/2019,15.92,16.06,14.91,15
5/9/2019,16.92,17.05,15.45,16.27
4/9/2019,18.23,18.83,17.26,17.33
3/9/2019,20.96,21.15,19.41,19.66
30/8/2019,17.94,19.18,17.09,18.98
29/8/2019,19.02,19.2,17.6,17.88
28/8/2019,20.55,21.64,19.1,19.35
27/8/2019,20.18,21.04,18.49,20.31
26/8/2019,20.34,21.33,19.06,19.32
23/8/2019,16.15,21.07,16.04,19.87
22/8/2019,16.12,17.68,15.63,16.68
21/8/2019,17.01,17.04,15.51,15.8
20/8/2019,16.78,17.7,16.45,17.5
19/8/2019,17.93,18.22,16.52,16.88
16/8/2019,20.48,20.5,18.41,18.47
15/8/2019,21.58,24.1,20.78,21.18
14/8/2019,17.81,22.71,17.75,22.1
13/8/2019,21.28,21.64,17.52,17.52
12/8/2019,17.87,21.26,17.77,21.09
9/8/2019,18.14,19.44,17.31,17.97
8/8/2019,19.36,19.89,16.82,16.91
7/8/2019,20.7,23.67,18.94,19.49
6/8/2019,22.29,22.87,19.77,20.17
5/8/2019,19.96,24.81,19.91,24.59
2/8/2019,17.69,20.11,17.04,17.61
1/8/2019,15.41,19.46,13.73,17.87
31/7/2019,13.83,16.55,13.46,16.12
30/7/2019,12.87,14.18,12.87,13.94
29/7/2019,12.15,13.17,12.15,12.83
26/7/2019,12.58,12.72,12.01,12.16
25/7/2019,12.24,13.54,11.69,12.74
24/7/2019,12.8,13.1,11.98,12.07
23/7/2019,13.42,13.52,12.55,12.61
22/7/2019,14.55,14.7,13.42,13.53
19/7/2019,13.31,14.45,13.09,14.45
18/7/2019,14.45,14.5,13.19,13.53
17/7/2019,12.62,13.97,12.24,13.97
16/7/2019,12.61,13.14,12.28,12.86
15/7/2019,12.58,13.02,12.49,12.68
12/7/2019,12.76,12.82,12.28,12.39
11/7/2019,13.01,13.33,12.39,12.93
10/7/2019,14.38,14.69,12.98,13.03
9/7/2019,14.47,14.71,13.99,14.09
8/7/2019,13.73,14.44,13.64,13.96
5/7/2019,13,14.47,12.04,13.28
3/7/2019,13.18,13.19,12.56,12.57
2/7/2019,14.16,14.3,12.9,12.93
1/7/2019,13.85,14.64,13.8,14.06
28/6/2019,15.7,16.13,15.08,15.08
27/6/2019,15.66,16.4,15.66,15.82
26/6/2019,16.1,16.6,15.47,16.21
25/6/2019,15.43,16.68,15.1,16.28
24/6/2019,15.46,15.56,15.23,15.26
21/6/2019,14.74,15.48,14.42,15.4
20/6/2019,14.04,16.03,13.19,14.75
19/6/2019,15.05,15.71,14.15,14.33
18/6/2019,14.89,15.54,14.62,15.15
17/6/2019,15.61,15.76,15.24,15.35
14/6/2019,16,16.4,15.21,15.28
13/6/2019,16.16,16.21,15.61,15.82
12/6/2019,16.26,16.43,15.78,15.91
11/6/2019,15.84,16.7,15.5,15.99
10/6/2019,16.3,16.47,15.84,15.94
7/6/2019,15.65,16.44,15.33,16.3
6/6/2019,16.25,16.54,15.36,15.93
5/6/2019,17.06,17.49,16.04,16.09
4/6/2019,18.74,18.74,16.97,16.97
3/6/2019,19.41,19.75,18.16,18.86
31/5/2019,19.05,19.72,18.01,18.71
30/5/2019,17.47,18.11,16.72,17.3
29/5/2019,18.55,19.04,17.62,17.9
28/5/2019,16.55,17.7,15.9,17.5
24/5/2019,16.34,16.52,15.52,15.85
23/5/2019,15.93,18.05,15.28,16.92
22/5/2019,15.06,15.44,14.42,14.75
21/5/2019,15.86,16.22,14.79,14.95
20/5/2019,15.88,17.63,15.46,16.31
17/5/2019,15.89,16.81,14.86,15.96
16/5/2019,16.69,17.13,15.16,15.29
15/5/2019,17.57,19.15,16.41,16.44
14/5/2019,19.4,19.65,17.45,18.06
13/5/2019,18.62,21.32,18.35,20.55
10/5/2019,18.79,20.19,15.57,16.04
9/5/2019,21.4,23.38,18.87,19.1
8/5/2019,18.95,21.74,18.29,19.4
7/5/2019,15.9,21.84,15.8,19.32
6/5/2019,12.89,18.8,12.89,15.44
3/5/2019,14.11,14.15,12.8,12.87
2/5/2019,14.35,15.92,13.8,14.42
1/5/2019,12.86,14.83,12.74,14.8
30/4/2019,13.11,14.05,12.88,13.12
29/4/2019,13.04,13.27,12.65,13.11
26/4/2019,13.44,13.62,12.49,12.73
25/4/2019,13.29,14.3,12.81,13.25
24/4/2019,12.53,13.23,12.26,13.14
23/4/2019,12.66,12.69,12.08,12.28
22/4/2019,13.21,13.36,12.38,12.42
18/4/2019,12.8,13.12,12.02,12.09
17/4/2019,12.12,13.02,11.03,12.6
16/4/2019,12.26,12.47,11.85,12.18
15/4/2019,12.46,13.14,12.24,12.32
12/4/2019,12.96,12.96,11.95,12.01
11/4/2019,13.37,13.58,12.91,13.02
10/4/2019,14.09,14.29,13.27,13.3
9/4/2019,13.46,14.39,13.31,14.28
8/4/2019,13.55,13.77,13.1,13.18
5/4/2019,13.46,13.47,12.17,12.82
4/4/2019,13.84,14.03,13.4,13.58
3/4/2019,13.06,14.27,12.85,13.74
2/4/2019,13.62,13.68,13.13,13.36
1/4/2019,13.9,14.01,13.32,13.4
29/3/2019,14.19,14.43,13.64,13.71
28/3/2019,15.38,15.62,14.41,14.43
27/3/2019,14.52,16.71,14.51,15.15
26/3/2019,16.22,16.3,14.67,14.68
25/3/2019,17.76,17.85,16.26,16.33
22/3/2019,13.77,17.52,13.62,16.48
21/3/2019,14.11,14.56,13.26,13.63
20/3/2019,13.54,14.3,13.05,13.91
19/3/2019,12.89,13.77,12.37,13.56
18/3/2019,13.13,13.8,13,13.1
15/3/2019,13.21,13.28,12.5,12.88
14/3/2019,13.35,13.84,13.16,13.5
13/3/2019,14,14.05,13.25,13.41
12/3/2019,13.97,14.7,13.61,13.77
11/3/2019,16.28,16.43,14.33,14.33
8/3/2019,17.38,18.33,16.02,16.05
7/3/2019,16.33,17.81,15.54,16.59
6/3/2019,14.91,16.11,14.74,15.74
5/3/2019,14.52,15.39,14.26,14.74
4/3/2019,13.77,16.98,13.38,14.63
1/3/2019,14.57,14.84,13.41,13.57
28/2/2019,15.17,15.24,14.39,14.78
27/2/2019,15.53,16.17,14.7,14.7
26/2/2019,15.16,15.28,14.52,15.17
25/2/2019,13.91,14.9,13.44,14.85
22/2/2019,14.46,14.47,13.51,13.51
21/2/2019,14,15.17,13.85,14.46
20/2/2019,14.92,15.19,13.99,14.02
19/2/2019,15.65,16.16,14.64,14.88
15/2/2019,16.82,16.82,14.79,14.91
14/2/2019,15.61,17.27,15.3,16.22
13/2/2019,15.46,15.91,15,15.65
12/2/2019,15.23,15.65,14.95,15.43
11/2/2019,16.17,16.5,15.34,15.97
8/2/2019,16.81,17.63,15.62,15.72
7/2/2019,15.66,17.89,15.51,16.37
6/2/2019,15.44,15.87,15.09,15.38
5/2/2019,15.79,15.94,15.04,15.57
4/2/2019,16.72,16.73,15.6,15.73
1/2/2019,16.63,16.83,16.08,16.14
31/1/2019,17.39,17.72,16.54,16.57
30/1/2019,19.15,19.31,17.54,17.66
29/1/2019,19.45,19.93,18.42,19.13
28/1/2019,18.56,20.42,18.42,18.87
25/1/2019,18.43,18.46,17.31,17.42
24/1/2019,19.69,20.25,18.63,18.89
23/1/2019,20.85,22.02,19.47,19.52
22/1/2019,18.53,21.15,18.2,20.8
18/1/2019,17.8,18.18,17.17,17.8
17/1/2019,19.51,19.72,17.85,18.06
16/1/2019,18.08,19.04,17.76,19.04
15/1/2019,18.53,19.2,17.98,18.6
14/1/2019,19.84,20.27,18.7,19.07
11/1/2019,19.68,20.16,18.12,18.19
10/1/2019,20.98,21.32,19.29,19.5
9/1/2019,20.44,22.8,19.48,19.98
8/1/2019,20.96,22.03,20.09,20.47
7/1/2019,22.06,22.71,20.91,21.4
4/1/2019,24.36,24.48,21.19,21.38
3/1/2019,25.68,26.6,24.05,25.45
2/1/2019,27.54,28.53,23.05,23.22
31/12/2018,27.59,27.64,25.33,25.42
28/12/2018,29.97,31.05,27.43,28.34
27/12/2018,31.2,33.8,29.66,29.96
26/12/2018,35.5,36.2,29.59,30.41
24/12/2018,29.29,36.1,29.16,36.07
21/12/2018,28.24,31.35,25.71,30.11
20/12/2018,26.09,30.3,24.68,28.38
19/12/2018,25.15,26.64,22.5,25.58
18/12/2018,24.68,26.14,23.64,25.58
17/12/2018,22.36,25.88,21.97,24.52
14/12/2018,21.57,22.47,20.95,21.63
13/12/2018,21,21.57,20.34,20.65
12/12/2018,21.91,21.91,20.5,21.46
11/12/2018,22.96,23.6,21.39,21.76
10/12/2018,23.95,25.94,22.5,22.64
7/12/2018,22.42,24.71,19.9,23.23
6/12/2018,23.53,25.94,20.94,21.19
4/12/2018,16.84,21.94,16.26,20.74
3/12/2018,16.04,17.28,15.94,16.44
30/11/2018,19.18,19.91,18.03,18.07
29/11/2018,18.65,20.48,18.59,18.79
28/11/2018,18.87,19.38,18.18,18.49
27/11/2018,19.41,19.93,18.7,19.02
26/11/2018,20.78,20.8,18.67,18.9
23/11/2018,21.23,22.65,20.65,21.52
21/11/2018,21.66,22.31,20.11,20.8
20/11/2018,20.76,23.81,20.37,22.48
19/11/2018,18.78,20.99,18.52,20.1
16/11/2018,20.04,21.36,18.1,18.14
15/11/2018,20.41,22.97,19.94,19.98
14/11/2018,20.52,22.36,19.3,21.25
13/11/2018,19.45,21.25,19.11,20.02
12/11/2018,17.26,20.71,17.25,20.45
9/11/2018,16.87,18.41,16.84,17.36
8/11/2018,16.18,17.2,16.09,16.72
7/11/2018,18.03,18.05,16.33,16.36
6/11/2018,19.84,20.6,19.69,19.91
5/11/2018,20.58,20.87,19.64,19.96
2/11/2018,18.52,21.61,18.05,19.51
1/11/2018,20.96,21.21,19.03,19.34
31/10/2018,22.72,22.8,20.39,21.23
30/10/2018,23.94,25.55,23.11,23.35
29/10/2018,24.48,27.86,22.01,24.7
26/10/2018,24.51,27.52,23.33,24.16
25/10/2018,24.78,24.78,22.06,24.22
24/10/2018,21.6,26.38,20.4,25.23
23/10/2018,22.18,24.66,20.18,20.71
22/10/2018,19.38,20.89,18.82,19.64
19/10/2018,19.24,21.08,18.39,19.89
18/10/2018,18.02,21.57,17.51,20.06
17/10/2018,17.06,19.55,17.06,17.4
16/10/2018,20.28,20.56,17.55,17.62
15/10/2018,21.97,22.89,19.47,21.3
12/10/2018,21.63,26.8,20.88,21.31
11/10/2018,23.07,28.84,20.65,24.98
10/10/2018,16.03,22.96,15.83,22.96
9/10/2018,16.12,17.49,15.27,15.95
8/10/2018,16.05,18.38,15.69,15.69
5/10/2018,14.29,17.36,11.72,14.82
4/10/2018,12.84,15.84,12.42,14.22
3/10/2018,11.66,12.14,11.34,11.61
2/10/2018,12.47,12.69,11.61,12.05
1/10/2018,11.99,12.4,11.57,12
28/9/2018,12.59,13.22,12.09,12.12
27/9/2018,12.77,13,11.94,12.41
26/9/2018,12.21,13.13,11.55,12.89
25/9/2018,12.28,12.6,11.8,12.42
24/9/2018,12.46,12.92,12.18,12.2
21/9/2018,11.76,12.03,11.1,11.68
20/9/2018,11.82,11.96,11.31,11.8
19/9/2018,12.61,12.77,11.66,11.75
18/9/2018,13.48,13.48,12.56,12.79
17/9/2018,12.72,13.75,12.32,13.68
14/9/2018,12.13,13.15,11.93,12.07
13/9/2018,12.91,12.91,12.3,12.37
12/9/2018,13.07,13.86,12.91,13.14
11/9/2018,13.96,14.92,13.21,13.22
10/9/2018,15.09,15.2,13.93,14.16
7/9/2018,14.72,15.63,14.31,14.88
6/9/2018,14.21,15.41,13.72,14.65
5/9/2018,13.69,14.3,13.23,13.91
4/9/2018,13.13,14.35,13.12,13.16
31/8/2018,13.54,14.03,12.82,12.86
30/8/2018,12.25,13.95,12.24,13.53
29/8/2018,12.34,12.55,12.09,12.25
28/8/2018,12.01,12.5,11.87,12.5
27/8/2018,12.37,12.48,12.02,12.16
24/8/2018,12.13,12.17,11.83,11.99
23/8/2018,12.03,12.68,11.65,12.41
22/8/2018,13.09,13.29,11.97,12.25
21/8/2018,12.47,12.89,12.09,12.86
20/8/2018,12.57,12.79,12.26,12.49
17/8/2018,13.18,13.96,12.4,12.64
16/8/2018,14.18,14.36,12.82,13.45
15/8/2018,13.52,16.86,13.44,14.64
14/8/2018,13.93,14.22,13.11,13.31
13/8/2018,14.5,15.02,12.95,14.78
10/8/2018,11.82,13.82,11.59,13.16
9/8/2018,10.94,11.31,10.17,11.27
8/8/2018,10.93,11.18,10.52,10.85
7/8/2018,11.12,11.24,10.52,10.93
6/8/2018,11.91,12.15,11.17,11.27
3/8/2018,12.43,12.46,11.07,11.64
2/8/2018,13.57,14.53,12.17,12.19
1/8/2018,13.09,13.63,12.45,13.15
31/7/2018,13.98,14.12,12.81,12.83
30/7/2018,13.63,14.46,12.98,14.26
27/7/2018,12.17,14.26,11.6,13.03
26/7/2018,12.45,12.53,11.78,12.14
25/7/2018,12.37,12.82,11.8,12.29
24/7/2018,12.61,13.21,11.66,12.41
23/7/2018,13.47,13.55,12.58,12.62
20/7/2018,13,13.58,12.49,12.86
19/7/2018,12.2,13.09,11.79,12.87
18/7/2018,11.87,12.47,11.44,12.1
17/7/2018,12.91,13.18,11.85,12.06
16/7/2018,12.46,12.97,12.13,12.83
13/7/2018,12.39,12.97,11.62,12.18
12/7/2018,13.07,13.33,12.42,12.58
11/7/2018,14.05,14.15,13.09,13.63
10/7/2018,12.52,13.21,11.93,12.64
9/7/2018,13.42,13.45,12.6,12.69
6/7/2018,14.99,15.45,13.34,13.37
5/7/2018,15.62,16.22,14.47,14.97
3/7/2018,15.37,16.45,14.68,16.14
2/7/2018,17.7,18.08,15.54,15.6
29/6/2018,15.73,16.51,14.66,16.09
28/6/2018,17.54,18.99,16.4,16.85
27/6/2018,16.52,18.19,14.76,17.91
26/6/2018,16.71,17.54,15.1,15.92
25/6/2018,15.07,19.61,14.56,17.33
22/6/2018,14.6,14.6,13.11,13.77
21/6/2018,12.54,15.18,12.18,14.64
20/6/2018,12.9,13.02,12.25,12.79
19/6/2018,14.61,14.68,13.21,13.35
18/6/2018,12.79,13.74,12.28,12.31
15/6/2018,12.19,13.16,11.93,11.98
14/6/2018,12.98,13.07,11.88,12.12
13/6/2018,12.13,12.95,11.98,12.94
12/6/2018,12.29,12.6,11.88,12.34
11/6/2018,12.52,12.69,12.14,12.35
8/6/2018,12.54,13.31,12.09,12.18
7/6/2018,11.66,13.28,11.22,12.13
6/6/2018,12.1,12.56,11.62,11.64
5/6/2018,12.91,13.34,12.3,12.4
4/6/2018,13.91,13.91,12.69,12.74
1/6/2018,14.92,14.93,13.37,13.46
31/5/2018,14.93,16.29,14.2,15.43
30/5/2018,16.6,16.64,14.65,14.94
29/5/2018,14.39,18.78,14.39,17.02
25/5/2018,12.44,13.52,12.29,13.22
24/5/2018,12.73,14.24,12.53,12.53
23/5/2018,13.5,14.6,12.49,12.58
22/5/2018,13.03,13.42,12.77,13.22
21/5/2018,13.44,13.59,12.78,13.08
18/5/2018,13.18,13.87,13.06,13.42
17/5/2018,13.54,13.86,12.65,13.43
16/5/2018,14.38,14.91,13.21,13.42
15/5/2018,13.13,15.01,12.5,14.63
14/5/2018,12.95,13.28,12.81,12.93
11/5/2018,13.22,13.44,12.65,12.65
10/5/2018,13.36,13.63,12.92,13.23
9/5/2018,14.54,14.63,13.38,13.42
8/5/2018,14.53,15.56,14.52,14.71
7/5/2018,15.32,15.52,14.51,14.75
4/5/2018,15.94,16.92,10.91,14.77
3/5/2018,15.78,18.66,15.43,15.9
2/5/2018,15.48,15.97,14.75,15.97
1/5/2018,15.78,16.82,15.42,15.49
30/4/2018,15.39,16.35,15.13,15.93
27/4/2018,16.22,16.77,15.25,15.41
26/4/2018,18.07,18.12,16.24,16.24
25/4/2018,18.14,19.84,17.75,17.84
24/4/2018,16.16,19.66,15.37,18.02
23/4/2018,17.29,17.56,15.79,16.34
20/4/2018,16.16,17.5,15.19,16.88
19/4/2018,15.55,16.92,15.16,15.96
18/4/2018,15.3,16.9,14.95,15.6
17/4/2018,16.16,16.27,14.57,15.25
16/4/2018,17.59,17.66,16.38,16.56
13/4/2018,18.27,18.45,17.26,17.41
12/4/2018,19.83,19.92,18.16,18.49
11/4/2018,20.95,21.66,19.64,20.24
10/4/2018,20.51,21.68,20.24,20.47
9/4/2018,21.27,22.02,20.34,21.77
6/4/2018,20.33,23.12,18.6,21.49
5/4/2018,19.76,20.21,18.57,18.94
4/4/2018,21.68,24.51,19.86,20.06
3/4/2018,23.03,23.38,20.92,21.1
2/4/2018,21.07,25.72,20.44,23.62
29/3/2018,22.87,23.05,19.6,19.97
28/3/2018,22.52,24.94,21.71,22.87
27/3/2018,20.33,24.06,19.84,22.5
26/3/2018,23.41,24.54,20.71,21.03
23/3/2018,24.02,26.01,21.63,24.87
22/3/2018,18.13,23.81,18.12,23.34
21/3/2018,17.76,18.37,16.26,17.86
20/3/2018,18.38,19.31,18.09,18.2
19/3/2018,16.63,21.87,16.56,19.02
16/3/2018,16.6,16.72,15.23,15.8
15/3/2018,16.99,17.41,15.96,16.59
14/3/2018,16.59,17.59,14.94,17.23
13/3/2018,15.7,16.98,15.03,16.35
12/3/2018,15.28,16.35,15.18,15.78
9/3/2018,16.41,16.75,13.31,14.64
8/3/2018,17.56,17.68,14.91,16.54
7/3/2018,20.11,20.49,17.52,17.76
6/3/2018,18.25,19.64,17.68,18.36
5/3/2018,21.55,21.57,17.94,18.73
2/3/2018,22.47,26.22,19.36,19.59
1/3/2018,19.96,25.3,19.57,22.47
28/2/2018,18.08,20.44,15.65,19.85
27/2/2018,15.83,18.98,15.29,18.59
26/2/2018,16.53,16.94,15.8,15.8
23/2/2018,17.96,18.8,16.47,16.49
22/2/2018,20.57,20.61,18.07,18.72
21/2/2018,20.76,21.04,16.97,20.02
20/2/2018,20.53,21.61,19.75,20.6
16/2/2018,18.74,20.99,17.44,19.46
15/2/2018,18.39,20.66,17.6,19.13
14/2/2018,23.48,25.72,18.99,19.26
13/2/2018,26.94,27.82,24.47,24.97
12/2/2018,27.25,29.7,24.42,25.61
9/2/2018,32.18,41.06,27.73,29.06
8/2/2018,27.29,36.17,24.41,33.46
7/2/2018,31.38,31.64,21.17,27.73
6/2/2018,37.32,50.3,22.42,29.98
5/2/2018,18.44,38.8,16.8,37.32
2/2/2018,13.64,17.86,13.64,17.31
1/2/2018,13.05,14.3,12.5,13.47
31/1/2018,14.23,14.44,13.41,13.54
30/1/2018,13.93,15.42,13.88,14.79
29/1/2018,11.71,13.84,11.68,13.84
26/1/2018,11.4,11.6,11.08,11.08
25/1/2018,11.27,12.01,11.2,11.58
24/1/2018,11,12.19,10.89,11.47
23/1/2018,10.77,11.57,10.76,11.1
22/1/2018,11.59,11.62,10.84,11.03
19/1/2018,12.3,12.33,11.18,11.27
18/1/2018,12.01,12.4,11.62,12.22
17/1/2018,11.35,12.81,11.18,11.91
16/1/2018,10.42,12.41,10.4,11.66
12/1/2018,9.74,10.31,9.54,10.16
11/1/2018,9.69,10.02,9.62,9.88
10/1/2018,10.11,10.85,9.82,9.82
9/1/2018,9.41,10.09,9.37,10.08
8/1/2018,9.61,9.89,9.32,9.52
5/1/2018,9.1,9.54,9,9.22
4/1/2018,9.01,9.31,8.92,9.22
3/1/2018,9.56,9.65,8.94,9.15
2/1/2018,10.95,11.07,9.52,9.77
29/12/2017,10.03,11.06,9.95,11.04
28/12/2017,10.29,10.44,10.07,10.18
27/12/2017,10.04,10.79,9.71,10.47
26/12/2017,10.19,10.46,10.13,10.25
22/12/2017,9.37,10.18,9.35,9.9
21/12/2017,9.59,9.86,9.2,9.62
20/12/2017,9.69,9.85,8.9,9.72
19/12/2017,9.4,10.15,9.18,10.03
18/12/2017,9.46,9.89,9.24,9.53
15/12/2017,10.12,10.2,9.22,9.42
14/12/2017,9.98,10.54,9.78,10.49
13/12/2017,9.78,10.21,9.65,10.18
12/12/2017,9.36,9.92,9.21,9.92
11/12/2017,9.74,10.08,9.28,9.34
8/12/2017,10,10.06,9.43,9.58
7/12/2017,10.9,11.32,10.12,10.16
6/12/2017,11.63,11.68,10.86,11.02
5/12/2017,11.38,11.67,10.65,11.33
4/12/2017,11.05,11.86,10.26,11.68
1/12/2017,11.19,14.58,10.54,11.43
30/11/2017,10.49,12.05,10.25,11.28
29/11/2017,9.91,10.93,9.81,10.7
28/11/2017,9.72,10.31,9.53,10.03
27/11/2017,10.07,10.26,9.79,9.87
24/11/2017,9.82,9.96,8.56,9.67
22/11/2017,9.6,9.88,9.32,9.88
21/11/2017,10.74,10.78,9.67,9.73
20/11/2017,11.96,12.08,10.44,10.65
17/11/2017,11.75,12.01,11.16,11.43
16/11/2017,12.47,12.52,11.38,11.76
15/11/2017,12.52,14.51,12.33,13.13
14/11/2017,11.53,12.61,11.45,11.59
13/11/2017,11.43,12.18,11,11.5
10/11/2017,10.78,11.58,10.5,11.29
9/11/2017,9.94,12.19,9.79,10.5
8/11/2017,9.79,10.27,9.5,9.78
7/11/2017,9.31,10.31,9.29,9.89
6/11/2017,9.63,9.74,9.38,9.4
3/11/2017,9.83,9.91,8.99,9.14
2/11/2017,10.44,10.89,9.67,9.93
1/11/2017,9.79,10.49,9.74,10.2
31/10/2017,10.34,10.37,9.9,10.18
30/10/2017,10.28,10.89,10.1,10.5
27/10/2017,11.12,11.12,9.74,9.8
26/10/2017,11.17,11.81,10.6,11.3
25/10/2017,11.34,13.2,10.99,11.23
24/10/2017,10.89,11.16,10.39,11.16
23/10/2017,10.25,11.08,9.94,11.07
20/10/2017,9.92,10.04,9.29,9.97
19/10/2017,10.22,11.77,9.99,10.05
18/10/2017,10.34,10.41,9.87,10.07
17/10/2017,9.85,10.46,9.78,10.31
16/10/2017,9.95,10.02,9.75,9.91
13/10/2017,9.95,9.98,9.44,9.61
12/10/2017,9.94,10.33,9.65,9.91
11/10/2017,9.95,10.38,9.72,9.85
10/10/2017,10.15,10.66,9.94,10.08
9/10/2017,9.92,10.53,9.88,10.33
6/10/2017,9.23,10.27,9.11,9.65
5/10/2017,9.48,9.62,9.13,9.19
4/10/2017,9.53,9.88,9.53,9.63
3/10/2017,9.3,9.75,9.3,9.51
2/10/2017,9.59,10.04,9.37,9.45
29/9/2017,9.59,9.83,9.36,9.51
28/9/2017,9.74,10.13,9.55,9.55
27/9/2017,9.9,10.42,9.63,9.87
26/9/2017,10.42,10.68,9.94,10.17
25/9/2017,10.08,11.21,9.79,10.21
22/9/2017,9.9,10.2,9.5,9.59
21/9/2017,9.74,10.21,9.54,9.67
20/9/2017,10.04,10.67,9.67,9.78
19/9/2017,10.16,10.3,9.85,10.18
18/9/2017,10.18,10.42,9.88,10.15
15/9/2017,10.51,10.74,10,10.17
14/9/2017,10.57,11.04,10.28,10.44
13/9/2017,10.72,10.86,10.33,10.5
12/9/2017,10.66,10.95,10.29,10.58
11/9/2017,11.38,11.39,10.51,10.73
8/9/2017,11.87,12.6,11.84,12.12
7/9/2017,11.93,12.07,11.32,11.55
6/9/2017,12.27,12.59,11.35,11.63
5/9/2017,11.75,14.06,11.41,12.23
1/9/2017,10.33,10.46,10.02,10.13
31/8/2017,11.07,11.22,10.34,10.59
30/8/2017,11.4,11.98,10.96,11.22
29/8/2017,13.33,14.34,11.48,11.7
28/8/2017,12.09,12.11,11.23,11.32
25/8/2017,12.2,12.45,11.1,11.28
24/8/2017,12.06,12.83,11.55,12.23
23/8/2017,11.51,12.59,11.39,12.25
22/8/2017,12.6,12.94,11.35,11.35
21/8/2017,14.59,14.74,13.07,13.19
18/8/2017,15.38,16.04,13.32,14.26
17/8/2017,11.81,15.77,11.54,15.55
16/8/2017,11.59,12.54,11.25,11.74
15/8/2017,11.78,12.37,11.45,12.04
14/8/2017,14.05,14.05,12.06,12.33
11/8/2017,16.17,17.28,14.5,15.51
10/8/2017,11.57,16.17,11.56,16.04
9/8/2017,11.49,12.63,11.11,11.11
8/8/2017,10.04,11.52,9.52,10.96
7/8/2017,10.19,10.32,9.76,9.93
4/8/2017,10.48,10.5,9.68,10.03
3/8/2017,10.47,10.6,9.9,10.44
2/8/2017,10.08,10.81,9.8,10.28
1/8/2017,10.19,10.56,9.95,10.09
31/7/2017,10.53,10.84,10.23,10.26
28/7/2017,10.62,11.3,10.26,10.29
27/7/2017,9.33,11.5,9.16,10.11
26/7/2017,9.25,9.66,8.84,9.6
25/7/2017,9.4,9.52,9.04,9.43
24/7/2017,9.94,9.97,9.26,9.43
21/7/2017,9.52,9.98,9.3,9.36
20/7/2017,9.66,10.28,9.5,9.58
19/7/2017,9.69,9.94,9.58,9.79
18/7/2017,9.86,10.35,9.66,9.89
17/7/2017,9.77,10.03,9.71,9.82
14/7/2017,10.09,10.14,9.5,9.51
13/7/2017,10.07,10.4,9.9,9.9
12/7/2017,10.85,10.85,10.08,10.3
11/7/2017,10.79,12.14,10.68,10.89
10/7/2017,11.26,11.73,10.61,11.11
7/7/2017,12.48,12.57,10.98,11.19
6/7/2017,11.2,13.05,11.18,12.54
5/7/2017,11.2,12.03,10.79,11.07
3/7/2017,11.07,11.45,10.28,11.22
30/6/2017,11.74,11.85,10.4,11.18
29/6/2017,9.79,15.16,9.73,11.44
28/6/2017,11.17,11.49,9.76,10.03
27/6/2017,10.04,11.31,9.8,11.06
26/6/2017,10.13,10.44,9.68,9.9
23/6/2017,10.25,10.69,9.85,10.02
22/6/2017,10.81,11.01,10.24,10.48
21/6/2017,11.03,11.4,10.4,10.75
20/6/2017,10.28,11.15,10.24,10.86
19/6/2017,10.57,10.6,10.01,10.37
16/6/2017,10.63,11.35,10.26,10.38
15/6/2017,11.06,12.01,10.74,10.9
14/6/2017,10.33,11.26,10.01,10.64
13/6/2017,11.12,11.14,10.26,10.42
12/6/2017,11.19,12.37,11.19,11.46
9/6/2017,9.93,12.11,9.37,10.7
8/6/2017,10.27,10.53,9.73,10.16
7/6/2017,10.48,10.93,10.12,10.39
6/6/2017,10.19,10.77,9.86,10.45
5/6/2017,10.08,10.28,9.6,10.07
2/6/2017,10.08,10.3,9.58,9.75
1/6/2017,10.42,10.54,9.69,9.89
31/5/2017,10.1,11.3,9.93,10.41
30/5/2017,10.61,10.84,10.14,10.38
26/5/2017,9.93,10.48,9.65,9.81
25/5/2017,9.82,10.29,9.72,9.99
24/5/2017,10.61,10.9,9.88,10.02
23/5/2017,11,11,10.56,10.72
22/5/2017,12.29,12.52,10.89,10.93
19/5/2017,14.23,14.23,11.72,12.04
18/5/2017,14.06,16.3,14.03,14.66
17/5/2017,11.89,15.59,11.53,15.59
16/5/2017,10.46,10.67,10.18,10.65
15/5/2017,10.54,10.88,10.25,10.42
12/5/2017,10.72,10.87,10.28,10.4
11/5/2017,10.34,11.23,10.32,10.6
10/5/2017,9.75,10.24,9.62,10.21
9/5/2017,9.87,10.14,9.56,9.96
8/5/2017,10.53,10.55,9.67,9.77
5/5/2017,10.51,10.98,9.99,10.57
4/5/2017,10.71,11.24,10.27,10.46
3/5/2017,10.56,11.15,10.4,10.68
2/5/2017,10.16,10.59,10.14,10.59
1/5/2017,10.92,11.04,9.9,10.11
28/4/2017,10.39,11.16,10.29,10.82
27/4/2017,10.72,11.08,10.33,10.36
26/4/2017,10.61,10.89,10.39,10.85
25/4/2017,10.81,11.15,10.22,10.76
24/4/2017,11.56,12.01,10.82,10.84
21/4/2017,13.85,15.33,13.85,14.63
20/4/2017,14.59,14.81,13.83,14.15
19/4/2017,14,15.15,13.46,14.93
18/4/2017,14.5,15.5,14.29,14.42
17/4/2017,16.19,16.28,14.6,14.66
13/4/2017,15.89,16.22,14.97,15.96
12/4/2017,15.16,16.16,14.84,15.77
11/4/2017,14.32,15.88,14.17,15.07
10/4/2017,13.24,14.11,12.94,14.05
7/4/2017,13.17,13.43,12.23,12.87
6/4/2017,13.11,13.22,11.7,12.39
5/4/2017,11.89,12.89,10.9,12.89
4/4/2017,12.71,13.07,11.7,11.79
3/4/2017,12.59,13.59,12.27,12.38
31/3/2017,11.61,12.54,11.5,12.37
30/3/2017,11.37,11.64,11.12,11.54
29/3/2017,11.54,11.7,11.03,11.42
28/3/2017,12.44,12.67,11.34,11.53
27/3/2017,14.78,15.11,12.48,12.5
24/3/2017,12.86,14.16,12.27,12.96
23/3/2017,12.65,13.17,12.18,13.12
22/3/2017,12.95,13.16,11.99,12.81
21/3/2017,11.15,12.85,10.92,12.47
20/3/2017,11.71,11.72,11.03,11.34
17/3/2017,11.38,11.38,10.78,11.28
16/3/2017,11.29,11.55,11.16,11.21
15/3/2017,12.12,12.25,10.6,11.63
14/3/2017,11.39,12.54,11.28,12.3
13/3/2017,12.16,12.23,11.29,11.35
10/3/2017,11.97,12.09,11.46,11.66
9/3/2017,11.75,12.43,11.62,12.3
8/3/2017,11.49,11.86,11.09,11.86
7/3/2017,11.27,11.58,11.04,11.45
6/3/2017,11.59,11.72,11.06,11.24
3/3/2017,11.96,11.97,10.94,10.96
2/3/2017,12.43,12.71,11.32,11.81
1/3/2017,12.31,12.58,11.78,12.54
28/2/2017,12.19,12.96,12.13,12.92
27/2/2017,11.78,12.14,11.53,12.09
24/2/2017,11.81,12.59,11.34,11.47
23/2/2017,11.66,12.46,11.54,11.71
22/2/2017,11.48,12.07,11.44,11.74
21/2/2017,12.05,12.09,11.5,11.57
17/2/2017,11.84,12.26,11.37,11.49
16/2/2017,12.02,12.86,11.69,11.76
15/2/2017,10.84,12.01,10.8,11.97
14/2/2017,11.17,11.34,10.73,10.74
13/2/2017,11.36,11.4,11.07,11.07
10/2/2017,10.85,10.95,10.55,10.85
9/2/2017,11.44,11.53,10.74,10.88
8/2/2017,11.19,11.82,11.15,11.45
7/2/2017,11.39,11.67,11.06,11.29
6/2/2017,11.37,11.84,11.09,11.37
3/2/2017,11.84,11.84,10.72,10.97
2/2/2017,12.37,12.47,11.62,11.93
1/2/2017,11.79,12.05,9.97,11.81
31/1/2017,12.29,12.99,11.79,11.99
30/1/2017,11.1,12.9,11.1,11.88
27/1/2017,10.57,10.82,10.3,10.58
26/1/2017,10.61,11.01,10.6,10.63
25/1/2017,10.79,11.05,10.51,10.81
24/1/2017,11.82,11.89,11.04,11.07
23/1/2017,12.3,12.62,11.59,11.77
20/1/2017,12.58,12.59,11.53,11.54
19/1/2017,12.58,13.28,12.17,12.78
18/1/2017,11.79,12.81,11.69,12.48
17/1/2017,12.2,12.75,11.79,11.87
13/1/2017,11.45,11.62,10.94,11.23
12/1/2017,11.48,12.6,11.32,11.54
11/1/2017,11.56,12.23,11.21,11.26
10/1/2017,11.59,11.79,11.31,11.49
9/1/2017,11.71,12.08,11.46,11.56
6/1/2017,11.7,11.74,10.98,11.32
5/1/2017,11.96,12.09,11.4,11.67
4/1/2017,12.78,12.8,11.63,11.85
3/1/2017,14.07,14.07,12.85,12.85
30/12/2016,13.2,14.68,13.05,14.04
29/12/2016,13.15,13.71,12.95,13.37
28/12/2016,11.89,13.04,11.85,12.95
27/12/2016,12.26,12.33,11.84,11.99
23/12/2016,11.38,11.81,11.35,11.44
22/12/2016,11.32,11.67,11.14,11.43
21/12/2016,11.44,11.49,10.93,11.27
20/12/2016,11.65,11.75,11.38,11.45
19/12/2016,12.5,12.52,11.67,11.71
16/12/2016,12.88,12.95,12.15,12.2
15/12/2016,13.07,13.24,12.46,12.79
14/12/2016,12.88,13.39,12.48,13.19
13/12/2016,12.46,13.42,12.34,12.72
12/12/2016,12.23,12.78,12.07,12.64
9/12/2016,12.59,12.72,11.67,11.75
8/12/2016,12.1,13.4,11.3,12.64
7/12/2016,11.59,12.24,11.33,12.22
6/12/2016,12.19,12.3,11.54,11.79
5/12/2016,13.75,13.77,12.14,12.14
2/12/2016,14.16,14.48,12.39,14.12
1/12/2016,13.4,14.72,13.05,14.07
30/11/2016,12.6,13.42,12.23,13.33
29/11/2016,13.07,13.55,12.62,12.9
28/11/2016,13.4,13.5,12.74,13.15
25/11/2016,12.52,12.74,12.31,12.34
23/11/2016,12.34,13.01,12.19,12.43
22/11/2016,12.26,12.83,12.2,12.41
21/11/2016,13.27,13.44,12.16,12.42
18/11/2016,13.56,13.74,12.85,12.85
17/11/2016,13.37,13.55,12.97,13.35
16/11/2016,13.51,14.49,13.51,13.72
15/11/2016,14.16,14.65,13.3,13.37
14/11/2016,14.69,15.56,14.39,14.48
11/11/2016,14.83,16,14.15,14.17
10/11/2016,14.01,16.3,13.26,14.74
9/11/2016,20.7,21.48,14.33,14.38
8/11/2016,18.92,19.91,17.7,18.74
7/11/2016,19.78,19.86,18.39,18.71
4/11/2016,21.86,23.01,19.2,22.51
3/11/2016,19.85,22.57,18.84,22.08
2/11/2016,19.09,19.82,18.56,19.32
1/11/2016,16.54,20.43,16.51,18.56
31/10/2016,16.31,17.63,16.25,17.06
28/10/2016,15.67,17.35,14.65,16.19
27/10/2016,14.37,15.43,13.6,15.36
26/10/2016,13.66,14.8,13.66,14.24
25/10/2016,12.91,13.86,12.73,13.46
24/10/2016,13.19,13.26,12.83,13.02
21/10/2016,14.04,14.53,13.27,13.34
20/10/2016,14.43,14.72,13.74,13.75
19/10/2016,15.45,15.68,13.87,14.41
18/10/2016,15.82,15.85,15.03,15.28
17/10/2016,17.01,17.11,16.13,16.21
14/10/2016,16.49,16.5,15.25,16.12
13/10/2016,16.88,17.95,16.14,16.69
12/10/2016,15.53,16.34,15.26,15.91
11/10/2016,13.71,16.47,13.69,15.36
10/10/2016,14.19,14.36,13.29,13.38
7/10/2016,13.52,14.15,12.21,13.48
6/10/2016,13.11,13.84,12.8,12.84
5/10/2016,13.56,13.68,12.7,12.99
4/10/2016,13.4,14.57,12.92,13.63
3/10/2016,13.75,14.42,13.42,13.57
30/9/2016,14.91,15.2,12.53,13.29
29/9/2016,12.53,15.69,12.14,14.02
28/9/2016,12.9,13.57,12.24,12.39
27/9/2016,13.36,14.76,12.97,13.1
26/9/2016,13.26,14.63,13.26,14.5
23/9/2016,12,12.58,11.93,12.29
22/9/2016,13.39,13.39,11.76,12.02
21/9/2016,15.07,15.65,12.98,13.3
20/9/2016,14.98,16.09,14.69,15.92
19/9/2016,15.14,15.96,14.6,15.53
16/9/2016,16.41,17.1,15.28,15.37
15/9/2016,17.97,18.07,15.74,16.3
14/9/2016,17.63,18.14,16.34,18.14
13/9/2016,15.98,18.97,15.83,17.85
12/9/2016,20.13,20.51,14.76,15.16
9/9/2016,12.52,17.54,12.52,17.5
8/9/2016,11.74,12.6,11.65,12.51
7/9/2016,11.89,12.45,11.77,11.94
6/9/2016,12.42,12.93,11.85,12.02
2/9/2016,13.47,13.9,11.9,11.98
1/9/2016,13.07,14.61,12.99,13.48
31/8/2016,13.14,14.34,12.97,13.42
30/8/2016,12.94,13.6,12.7,13.12
29/8/2016,14.09,14.43,12.9,12.94
26/8/2016,13.54,14.93,12.13,13.65
25/8/2016,13.62,14.09,13.29,13.63
24/8/2016,12.7,14.01,12.3,13.45
23/8/2016,12.15,12.44,11.72,12.38
22/8/2016,12.53,13.02,11.94,12.27
19/8/2016,11.67,12.28,11.33,11.34
18/8/2016,12.2,12.53,11.42,11.43
17/8/2016,12.57,13.71,12.14,12.19
16/8/2016,12.04,12.78,11.87,12.64
15/8/2016,11.81,12.17,11.58,11.81
12/8/2016,11.61,12,11.28,11.55
11/8/2016,11.93,12.11,11.38,11.68
10/8/2016,11.55,12.5,11.37,12.05
9/8/2016,11.4,11.92,11.02,11.66
8/8/2016,11.66,11.78,11.41,11.5
5/8/2016,12.08,12.26,11.18,11.39
4/8/2016,12.73,12.98,11.79,12.42
3/8/2016,13.53,13.91,12.73,12.86
2/8/2016,12.39,14.24,12.35,13.37
1/8/2016,11.89,12.98,11.86,12.44
29/7/2016,12.85,12.9,11.77,11.87
28/7/2016,12.51,13.52,12.36,12.72
27/7/2016,12.61,13.74,12.5,12.83
26/7/2016,12.88,13.5,12.8,13.05
25/7/2016,12.64,13.72,12.39,12.87
22/7/2016,12.8,12.88,11.97,12.02
21/7/2016,11.8,13.06,11.69,12.74
20/7/2016,11.94,11.97,11.4,11.77
19/7/2016,12.53,12.83,11.94,11.97
18/7/2016,12.75,13.12,12.33,12.44
15/7/2016,13.12,13.22,12.27,12.67
14/7/2016,12.5,13.37,12.14,12.82
13/7/2016,13.32,13.79,12.92,13.04
12/7/2016,12.93,13.93,12.75,13.55
11/7/2016,13.25,13.67,13,13.54
8/7/2016,14.64,14.75,13.19,13.2
7/7/2016,14.8,15.98,14.33,14.76
6/7/2016,15.87,17.04,14.96,14.96
5/7/2016,16.05,16.62,15.49,15.58
1/7/2016,15.59,15.86,14.61,14.77
30/6/2016,16.91,16.99,15.29,15.63
29/6/2016,18.12,18.27,16.48,16.64
28/6/2016,21.76,22.07,18.75,18.75
27/6/2016,24.38,26.72,22.93,23.85
24/6/2016,26.06,26.24,19.48,25.76
23/6/2016,19.54,19.79,17.25,17.25
22/6/2016,18.26,21.22,17.83,21.17
21/6/2016,17.67,18.96,16.91,18.48
20/6/2016,17.42,18.55,16.59,18.37
17/6/2016,19.42,20.03,18.71,19.41
16/6/2016,20.8,22.89,19.24,19.37
15/6/2016,20.25,20.45,18.63,20.14
14/6/2016,21.28,22.16,20.27,20.5
13/6/2016,18.24,21.01,17.89,20.97
10/6/2016,14.89,17.33,14.85,17.03
9/6/2016,14.01,14.85,13.99,14.64
8/6/2016,13.84,14.27,13.7,14.08
7/6/2016,12.77,14.05,12.72,14.05
6/6/2016,13.84,14.27,13.42,13.65
3/6/2016,13.78,14.66,12.9,13.47
2/6/2016,14.42,14.92,13.62,13.63
1/6/2016,14.45,15.25,14.18,14.2
31/5/2016,13.94,15,13.45,14.19
27/5/2016,13.49,13.76,13.04,13.12
26/5/2016,13.8,14.11,13.43,13.43
25/5/2016,14.19,14.33,13.64,13.9
24/5/2016,16.03,16.06,14.36,14.42
23/5/2016,16.33,16.47,15.4,15.82
20/5/2016,16.13,16.3,15.11,15.2
19/5/2016,16.37,17.65,16.28,16.33
18/5/2016,15.72,16.47,14.86,15.95
17/5/2016,14.57,16.12,14.48,15.57
16/5/2016,15.72,15.98,14.28,14.68
13/5/2016,15.15,15.47,13.97,15.04
12/5/2016,14.55,15.42,13.95,14.41
11/5/2016,13.92,14.69,13.29,14.69
10/5/2016,13.98,14.35,13.55,13.63
9/5/2016,15.2,15.39,14.17,14.57
6/5/2016,16.2,16.58,14.71,14.72
5/5/2016,15.54,16.45,15.22,15.91
4/5/2016,15.47,16.85,15.39,16.05
3/5/2016,14.92,16.42,14.91,15.6
2/5/2016,16.33,16.5,14.48,14.68
29/4/2016,15.21,17.09,14.91,15.7
28/4/2016,14.53,15.61,13.3,15.22
27/4/2016,14.15,14.95,13.5,13.77
26/4/2016,14.01,14.43,13.66,13.96
25/4/2016,14.07,14.76,13.86,14.08
22/4/2016,13.7,14.19,13.15,13.22
21/4/2016,13.2,14.14,13.16,13.95
20/4/2016,13.39,13.5,12.5,13.28
19/4/2016,13.18,13.88,12.98,13.24
18/4/2016,14.87,14.94,13.23,13.35
15/4/2016,13.77,14.19,13.58,13.62
14/4/2016,13.9,14.12,13.38,13.72
13/4/2016,14.49,14.53,13.6,13.84
12/4/2016,15.98,16.57,14.84,14.85
11/4/2016,15.34,16.26,14.83,16.26
8/4/2016,15.34,15.93,14.84,15.36
7/4/2016,15.14,16.77,14.68,16.16
6/4/2016,15.61,15.98,14,14.09
5/4/2016,15.39,15.72,14.93,15.42
4/4/2016,13.88,14.24,13.66,14.12
1/4/2016,15.23,15.28,13,13.1
31/3/2016,13.73,14.28,13.49,13.95
30/3/2016,13.69,13.89,13.06,13.56
29/3/2016,15.74,15.89,13.79,13.82
28/3/2016,15.65,16.04,14.89,15.24
24/3/2016,16.3,16.44,14.71,14.74
23/3/2016,14.57,15.03,14.33,14.94
22/3/2016,14.57,14.76,13.75,14.17
21/3/2016,14.57,14.73,13.79,13.79
18/3/2016,14.05,14.36,13.75,14.02
17/3/2016,15.34,15.38,13.82,14.44
16/3/2016,15.96,16.33,14.89,14.99
15/3/2016,17.6,17.85,16.84,16.84
14/3/2016,17.01,17.67,16.69,16.92
11/3/2016,17.09,17.27,16.28,16.5
10/3/2016,18.17,19.59,17.06,18.05
9/3/2016,18.56,19.11,18.31,18.34
8/3/2016,18.38,18.89,17.82,18.67
7/3/2016,17.98,18.04,16.87,17.35
4/3/2016,16.48,17.35,16.05,16.86
3/3/2016,17.25,17.56,16.32,16.7
2/3/2016,17.98,18.41,16.78,17.09
1/3/2016,19.84,20.17,17.66,17.7
29/2/2016,20.49,20.81,18.38,20.55
26/2/2016,18.89,20.13,18.46,19.81
25/2/2016,20.54,21.26,19.1,19.11
24/2/2016,22.28,22.87,20.26,20.72
23/2/2016,19.75,21.16,19.54,20.98
22/2/2016,20.14,20.35,19.02,19.38
19/2/2016,22.39,23.44,20.52,20.53
18/2/2016,22.16,22.53,21.29,21.64
17/2/2016,23.4,24.16,21.83,22.31
16/2/2016,24.96,25.52,23.32,24.11
12/2/2016,27.16,27.57,24.92,25.4
11/2/2016,29.01,30.9,26.67,28.14
10/2/2016,25.75,26.6,24.47,26.29
9/2/2016,28.3,28.31,25.99,26.54
8/2/2016,25.89,27.72,25.56,26
5/2/2016,22.09,24.11,21.91,23.38
4/2/2016,22.29,23.14,21.24,21.84
3/2/2016,21.49,27.7,21.42,21.65
2/2/2016,21.34,22.42,21.06,21.98
1/2/2016,21.32,23.66,19.61,19.98
29/1/2016,21.59,21.74,19.5,20.2
28/1/2016,22.15,23.81,21.9,22.42
27/1/2016,22.88,27.22,20.42,23.11
26/1/2016,23.75,24.02,22.33,22.5
25/1/2016,23.3,24.31,22.38,24.15
22/1/2016,24.21,24.55,22.22,22.34
21/1/2016,27.79,28.43,25.01,26.69
20/1/2016,27.78,32.09,26.59,27.59
19/1/2016,25.4,27.59,25.21,26.05
15/1/2016,28.96,30.95,26.67,27.02
14/1/2016,24.75,26.28,23.07,23.95
13/1/2016,21.72,26.11,21.44,25.22
12/1/2016,22.97,23.93,21.91,22.47
11/1/2016,25.58,27.39,23.83,24.3
8/1/2016,22.96,27.08,22.48,27.01
7/1/2016,23.22,25.86,22.4,24.99
6/1/2016,21.67,21.86,19.8,20.59
5/1/2016,20.75,21.06,19.25,19.34
4/1/2016,22.48,23.36,20.67,20.7
31/12/2015,17.97,20.39,17.51,18.21
30/12/2015,16.5,17.42,16.5,17.29
29/12/2015,15.91,16.48,15.63,16.08
28/12/2015,17.65,18.13,16.88,16.91
24/12/2015,15.44,15.88,14.45,15.74
23/12/2015,15.86,16.25,15.33,15.57
22/12/2015,17.61,18.22,16.6,16.6
21/12/2015,19.64,20.21,18.7,18.7
18/12/2015,19.34,23.3,18.75,20.7
17/12/2015,16.18,19.05,16.13,18.94
16/12/2015,19.25,20.24,17.12,17.86
15/12/2015,20.76,21.62,20.02,20.95
14/12/2015,24.7,26.81,21.47,22.73
11/12/2015,21.36,25.27,20.88,24.39
10/12/2015,19.25,19.72,18.13,19.34
9/12/2015,18.05,20.13,15.72,19.61
8/12/2015,17.69,18.33,16.52,17.6
7/12/2015,15.65,17.18,15.58,15.84
4/12/2015,17.43,17.65,14.69,14.81
3/12/2015,15.87,19.35,15.86,18.11
2/12/2015,15.04,16.49,14.71,15.91
1/12/2015,15.61,16.34,14.63,14.67
30/11/2015,15.55,16.57,15.52,16.13
27/11/2015,15.31,16.09,15.12,15.12
25/11/2015,15.55,15.89,15.05,15.19
24/11/2015,16.53,17.21,15.48,15.93
23/11/2015,16.15,16.74,15.38,15.62
20/11/2015,16.13,16.38,15.47,15.47
19/11/2015,16.25,18.26,16,16.99
18/11/2015,19.01,19.45,16.8,16.85
17/11/2015,17.82,19.59,16.86,18.84
16/11/2015,20.51,20.55,17.25,18.16
13/11/2015,18.68,20.67,18.2,20.08
12/11/2015,17.06,18.5,16.65,18.37
11/11/2015,15.07,16.15,15.02,16.06
10/11/2015,16.69,16.96,15.24,15.29
9/11/2015,15.34,17.09,15.14,16.52
6/11/2015,14.91,16,14.32,14.33
5/11/2015,15.39,16.39,15,15.05
4/11/2015,14.04,15.88,13.96,15.51
3/11/2015,14.33,14.73,13.81,14.54
2/11/2015,15.41,15.51,13.67,14.15
30/10/2015,14.6,15.39,14,15.07
29/10/2015,14.8,15.46,14.33,14.61
28/10/2015,15.14,15.73,12.8,14.33
27/10/2015,15.75,15.99,14.78,15.43
26/10/2015,14.76,15.43,14.68,15.29
23/10/2015,13.46,15.12,13.24,14.46
22/10/2015,15.02,15.92,14.45,14.45
21/10/2015,14.98,16.7,14.41,16.7
20/10/2015,15.17,16.34,14.72,15.75
19/10/2015,15.68,16.23,14.82,14.98
16/10/2015,15.64,16.86,15.05,15.05
15/10/2015,17.62,17.85,16.04,16.05
14/10/2015,17.67,18.78,17.3,18.03
13/10/2015,17.08,17.7,16.14,17.67
12/10/2015,17.68,17.81,16.15,16.17
9/10/2015,17.15,18.2,16.89,17.08
8/10/2015,18.62,19.02,16.34,17.42
7/10/2015,18.96,19.73,18.33,18.4
6/10/2015,19.54,20.32,18.82,19.4
5/10/2015,20.31,20.42,19.14,19.54
2/10/2015,23.99,24.47,20.35,20.94
1/10/2015,23.14,25.23,22.55,22.55
30/9/2015,24.64,25.88,23.25,24.5
29/9/2015,26.57,28.2,25.76,26.83
28/9/2015,25.02,28.33,24.94,27.63
25/9/2015,21.12,24.29,20.81,23.62
24/9/2015,23.53,25.3,21.81,23.47
23/9/2015,22.09,23.2,21.14,22.13
22/9/2015,22.97,26.29,22.25,22.44
21/9/2015,21.97,22.48,20.05,20.14
18/9/2015,23.07,23.99,20.98,22.28
17/9/2015,21.54,23.33,17.87,21.14
16/9/2015,22.57,22.94,21.09,21.35
15/9/2015,23.28,23.77,22.13,22.54
14/9/2015,24.03,25.32,23.64,24.25
11/9/2015,25.38,25.81,23.15,23.2
10/9/2015,26.87,27.22,23.53,24.37
9/9/2015,22.39,26.82,21.51,26.23
8/9/2015,25.05,26.25,24.13,24.9
4/9/2015,27.43,29.47,25.68,27.8
3/9/2015,25.21,26.31,23.45,25.61
2/9/2015,29.14,30.45,24.77,26.09
1/9/2015,31.91,33.82,29.91,31.4
31/8/2015,27.03,29.37,26.63,28.43
28/8/2015,26.69,29.2,25.77,26.05
27/8/2015,27.11,29.9,24.49,26.1
26/8/2015,31.13,35.62,28.67,30.32
25/8/2015,31.13,38.06,28.08,36.02
24/8/2015,28.03,53.29,28.03,40.74
21/8/2015,22.55,28.38,20.8,28.03
20/8/2015,16.55,19.24,16.13,19.14
19/8/2015,14.84,15.96,13.73,15.25
18/8/2015,13.41,13.94,13.17,13.79
17/8/2015,14.32,14.52,13.01,13.02
14/8/2015,13.69,13.87,12.8,12.83
13/8/2015,13.87,14.33,13.06,13.49
12/8/2015,15.19,16.28,13.45,13.61
11/8/2015,13.24,14.33,13.02,13.71
10/8/2015,12.73,12.78,12.18,12.23
7/8/2015,13.57,14.58,13.29,13.39
6/8/2015,12.2,14.25,12.16,13.77
5/8/2015,12.02,12.72,10.88,12.51
4/8/2015,12.66,13.22,12.29,13
3/8/2015,12.85,13.55,12.32,12.56
31/7/2015,12.03,12.63,11.82,12.12
30/7/2015,12.72,13.42,12.09,12.13
29/7/2015,13.57,13.59,11.85,12.5
28/7/2015,14.87,15.62,13.32,13.44
27/7/2015,15.6,16.27,15.03,15.6
24/7/2015,12.87,14.73,12.86,13.74
23/7/2015,12.06,13.08,11.73,12.64
22/7/2015,12.77,12.83,12.05,12.12
21/7/2015,12.42,12.79,12.21,12.22
20/7/2015,12.25,12.37,11.71,12.25
17/7/2015,11.77,12.22,11.77,11.95
16/7/2015,12.59,12.61,11.87,12.11
15/7/2015,13.35,13.97,12.81,13.23
14/7/2015,13.91,13.95,12.9,13.37
13/7/2015,15.29,15.36,13.82,13.9
10/7/2015,17.45,18.17,16.6,16.83
9/7/2015,17.46,20.05,17.2,19.97
8/7/2015,17.38,19.76,16.94,19.66
7/7/2015,17.22,19.2,15.93,16.09
6/7/2015,18.65,18.95,16.57,17.01
2/7/2015,15.43,17.48,15.39,16.79
1/7/2015,16.63,17.26,15.65,16.09
30/6/2015,17.6,19.8,17.49,18.23
29/6/2015,16.7,19.5,15.82,18.85
26/6/2015,14.13,14.91,13.64,14.02
25/6/2015,12.96,14.16,12.92,14.01
24/6/2015,12.57,13.33,12.01,13.26
23/6/2015,12.5,12.68,11.93,12.11
22/6/2015,13.42,13.46,12.43,12.74
19/6/2015,13.35,14,12.96,13.96
18/6/2015,14.03,14.03,12.54,13.19
17/6/2015,14.66,15.49,14.07,14.5
16/6/2015,15.62,15.62,14.81,14.81
15/6/2015,15.48,15.57,14.91,15.39
12/6/2015,13.31,14.02,13.3,13.78
11/6/2015,13.04,13.22,12.56,12.85
10/6/2015,14.24,14.37,12.96,13.22
9/6/2015,15.18,15.74,14.47,14.47
8/6/2015,14.84,15.5,14.67,15.29
5/6/2015,15.01,15.65,14.21,14.21
4/6/2015,14.57,15.49,13.99,14.71
3/6/2015,13.73,14.2,13.4,13.66
2/6/2015,14.72,15.05,13.59,14.24
1/6/2015,13.92,14.86,13.47,13.97
29/5/2015,13.59,14.43,13.4,13.84
28/5/2015,13.49,13.99,13.31,13.31
27/5/2015,14.16,14.41,13.05,13.27
26/5/2015,13.45,14.63,13.34,14.06
22/5/2015,12.37,12.37,11.82,12.13
21/5/2015,13.03,13.09,12.09,12.11
20/5/2015,12.9,13.27,12.62,12.88
19/5/2015,12.95,13.13,12.55,12.85
18/5/2015,13.08,13.22,12.55,12.73
15/5/2015,12.46,13.09,12.35,12.38
14/5/2015,13.14,13.29,12.72,12.74
13/5/2015,13.63,14.04,13.06,13.76
12/5/2015,14.73,15.13,13.73,13.86
11/5/2015,13.35,13.85,13,13.85
8/5/2015,13.36,13.42,12.7,12.86
7/5/2015,15.48,15.97,14.81,15.13
6/5/2015,13.93,16.36,13.89,15.15
5/5/2015,13.21,14.41,12.97,14.31
4/5/2015,13.12,13.18,12.1,12.85
1/5/2015,13.98,13.98,12.68,12.7
30/4/2015,13.89,15.29,12.49,14.55
29/4/2015,13.44,14.34,12.61,13.39
28/4/2015,13.26,14.23,12.41,12.41
27/4/2015,12.34,13.4,12.33,13.12
24/4/2015,12.21,13.02,12.16,12.29
23/4/2015,12.96,12.96,12.12,12.48
22/4/2015,12.97,13.8,12.57,12.71
21/4/2015,12.75,13.51,12.66,13.25
20/4/2015,13.67,13.67,12.83,13.3
17/4/2015,13.97,15.02,13.73,13.89
16/4/2015,13.27,13.35,12.5,12.6
15/4/2015,13.58,13.58,12.83,12.84
14/4/2015,14.34,14.74,13.64,13.67
13/4/2015,13.17,14.31,12.71,13.94
10/4/2015,13.2,13.26,12.51,12.58
9/4/2015,14.14,14.59,13.09,13.09
8/4/2015,14.59,14.77,13.75,13.98
7/4/2015,14.57,14.81,14.01,14.78
6/4/2015,15.75,15.76,14.04,14.74
2/4/2015,15.3,15.51,14.27,14.67
1/4/2015,15.32,16.66,15.08,15.11
31/3/2015,14.97,15.74,14.33,15.29
30/3/2015,14.76,14.76,14.08,14.51
27/3/2015,15.73,15.83,14.19,15.07
26/3/2015,16.64,17.19,15.23,15.8
25/3/2015,13.26,15.55,13.2,15.44
24/3/2015,13.36,13.68,12.59,13.62
23/3/2015,13.52,13.53,12.89,13.41
20/3/2015,13.52,13.53,12.54,13.02
19/3/2015,14.68,14.97,13.84,14.07
18/3/2015,14.6,16.29,13.38,13.97
17/3/2015,16.31,16.37,15.66,15.66
16/3/2015,15.78,15.89,15.36,15.61
13/3/2015,15.47,16.74,15.32,16
12/3/2015,16.45,16.45,15.3,15.42
11/3/2015,16.44,17.19,16.29,16.87
10/3/2015,16.47,16.91,16.03,16.69
9/3/2015,15.72,15.76,14.71,15.06
6/3/2015,14.61,15.83,14.18,15.2
5/3/2015,14.01,14.58,13.88,14.04
4/3/2015,14.31,15.33,14.13,14.23
3/3/2015,13.35,14.69,13.25,13.86
2/3/2015,13.9,13.9,12.87,13.04
27/2/2015,14.07,14.17,13.29,13.34
26/2/2015,13.55,14.57,13.55,13.91
25/2/2015,13.64,14.06,12.86,13.84
24/2/2015,14.5,14.63,13.53,13.69
23/2/2015,15.05,15.48,14.49,14.56
20/2/2015,15.73,16.29,14.27,14.3
19/2/2015,16.11,16.22,15.1,15.29
18/2/2015,16.74,16.74,15.44,15.45
17/2/2015,15.86,16.33,15.53,15.8
13/2/2015,15.11,15.64,14.69,14.69
12/2/2015,16.39,16.47,15.28,15.34
11/2/2015,17.43,17.81,16.82,16.96
10/2/2015,17.72,18.36,16.97,17.23
9/2/2015,19.16,19.28,18.21,18.55
6/2/2015,16.29,18.74,16.06,17.29
5/2/2015,17.29,17.43,16.67,16.85
4/2/2015,17.82,18.38,16.82,18.33
3/2/2015,18.41,18.89,17.2,17.33
2/2/2015,20.89,22.81,19.35,19.43
30/1/2015,20.23,22.18,19.24,20.97
29/1/2015,20.46,21.56,18.66,18.76
28/1/2015,16.97,20.44,16.92,20.44
27/1/2015,17.6,18.41,16.67,17.22
26/1/2015,16.96,17.43,15.52,15.52
23/1/2015,16.79,17.09,15.81,16.66
22/1/2015,17.98,19.23,16.07,16.4
21/1/2015,20.92,21.28,18.64,18.85
20/1/2015,20.07,21.37,19.58,19.89
16/1/2015,22.8,23.43,20.95,20.95
15/1/2015,21.23,23.31,20.86,22.39
14/1/2015,22.87,23.34,21.32,21.48
13/1/2015,18.21,21.58,17.65,20.56
12/1/2015,18.02,20.44,18.02,19.6
9/1/2015,16.44,18.42,16.44,17.55
8/1/2015,17.93,18.09,16.99,17.01
7/1/2015,20.15,20.72,19.04,19.31
6/1/2015,20.33,22.9,19.52,21.12
5/1/2015,19.19,21.29,19.19,19.92
2/1/2015,17.76,20.14,17.05,17.79
31/12/2014,15.91,19.91,15.86,19.2
30/12/2014,15.9,16.2,15.48,15.92
29/12/2014,16.04,16.14,15.06,15.06
26/12/2014,14.6,14.84,14.13,14.5
24/12/2014,14.52,14.54,14.01,14.37
23/12/2014,14.47,15.21,14.32,14.8
22/12/2014,16.32,16.88,15.03,15.25
19/12/2014,16.57,17.2,16.11,16.49
18/12/2014,17.14,18.51,16.07,16.81
17/12/2014,23.9,24.61,19.26,19.44
16/12/2014,23.55,25.2,19.6,23.57
15/12/2014,19.59,24.83,17.77,20.42
12/12/2014,20.51,23.06,18.34,21.08
11/12/2014,17.68,20.13,15.94,20.08
10/12/2014,15.56,18.92,15.4,18.53
9/12/2014,16.23,16.68,14.84,14.89
8/12/2014,13.05,14.67,12.55,14.21
5/12/2014,12.08,12.28,11.53,11.82
4/12/2014,12.7,13.23,12.09,12.38
3/12/2014,12.75,12.88,12.21,12.47
2/12/2014,14.1,14.17,12.85,12.85
1/12/2014,14.16,14.75,13.94,14.29
28/11/2014,12.64,13.49,12.36,13.33
26/11/2014,12.27,12.4,11.91,12.07
25/11/2014,12.55,13.02,12.23,12.25
24/11/2014,12.92,13.02,12.43,12.62
21/11/2014,13.16,13.8,12.9,12.9
20/11/2014,14.66,15.74,13.58,13.58
19/11/2014,14.01,14.78,13.83,13.96
18/11/2014,13.86,13.99,13.13,13.86
17/11/2014,14.7,14.73,13.84,13.99
14/11/2014,13.79,14.15,13.31,13.31
13/11/2014,13.33,14.31,12.87,13.79
12/11/2014,13.76,13.76,12.99,13.02
11/11/2014,12.71,13.18,12.6,12.92
10/11/2014,13.16,13.25,12.38,12.67
7/11/2014,13.71,14.16,13.01,13.12
6/11/2014,14.46,15.08,13.67,13.67
5/11/2014,14.15,14.99,14.15,14.17
4/11/2014,15.05,15.93,14.83,14.89
3/11/2014,14.41,14.99,14.23,14.73
31/10/2014,13.84,14.83,13.72,14.03
30/10/2014,15.31,15.75,14.07,14.52
29/10/2014,14.61,16.28,14.19,15.15
28/10/2014,15.69,15.78,14.39,14.39
27/10/2014,17.24,17.87,16,16.04
24/10/2014,16.43,18.06,16.09,16.11
23/10/2014,16.07,17.06,15.68,16.53
22/10/2014,16.06,18.43,15.56,17.87
21/10/2014,17.72,17.75,16.03,16.08
20/10/2014,22.11,22.16,18.51,18.57
17/10/2014,21.68,23.08,20.23,21.99
16/10/2014,29.26,29.41,24.61,25.2
15/10/2014,26.36,31.06,24.64,26.25
14/10/2014,23.77,24.55,21.48,22.79
13/10/2014,21.16,24.64,20.52,24.64
10/10/2014,19.11,22.06,18.14,21.24
9/10/2014,15.64,19.38,15.34,18.76
8/10/2014,17.35,18.03,14.97,15.11
7/10/2014,16.18,17.46,15.97,17.2
6/10/2014,14.46,15.77,14.05,15.46
3/10/2014,15.16,15.43,14.44,14.55
2/10/2014,16.7,17.98,15.9,16.16
1/10/2014,16.44,17.56,16.08,16.71
30/9/2014,15.49,16.43,15.18,16.31
29/9/2014,16.96,17.08,15.45,15.98
26/9/2014,15.77,15.98,14.31,14.85
25/9/2014,14.11,16.69,14.03,15.64
24/9/2014,14.62,14.93,13.24,13.27
23/9/2014,14.82,14.94,13.83,14.93
22/9/2014,13.14,13.98,13.13,13.69
19/9/2014,11.73,12.61,11.52,12.11
18/9/2014,12.55,12.58,11.98,12.03
17/9/2014,13.06,14.53,11.73,12.65
16/9/2014,14.48,14.53,12.72,12.73
15/9/2014,13.54,14.19,13.54,14.12
12/9/2014,12.85,14.27,12.85,13.31
11/9/2014,13.53,13.67,12.66,12.8
10/9/2014,13.36,14.06,12.86,12.88
9/9/2014,12.7,13.91,12.7,13.5
8/9/2014,12.64,13.09,12.4,12.66
5/9/2014,12.37,13.18,11.96,12.09
4/9/2014,12.4,12.99,11.7,12.64
3/9/2014,12.03,12.55,11.91,12.36
2/9/2014,12.32,13.41,12.23,12.25
29/8/2014,11.86,12.44,11.78,11.98
28/8/2014,12.38,12.73,12.05,12.05
27/8/2014,11.69,11.93,11.54,11.78
26/8/2014,11.33,11.93,11.33,11.63
25/8/2014,11.58,11.77,11.24,11.7
22/8/2014,11.88,12.48,11.47,11.47
21/8/2014,11.93,13.51,11.52,11.76
20/8/2014,12.23,12.24,11.6,11.78
19/8/2014,12.14,12.46,11.91,12.21
18/8/2014,12.85,12.85,12.26,12.32
15/8/2014,11.91,14.94,11.89,13.15
14/8/2014,13.05,13.13,12.42,12.42
13/8/2014,13.57,13.93,12.84,12.9
12/8/2014,14.42,14.74,13.76,14.13
11/8/2014,15.16,15.16,13.72,14.23
8/8/2014,16.43,17.09,15.53,15.77
7/8/2014,15.5,17.25,15.44,16.66
6/8/2014,17.22,17.3,15.7,16.37
5/8/2014,15.54,17.14,15.1,16.87
4/8/2014,16.64,16.8,14.69,15.12
1/8/2014,16.67,17.57,15.52,17.03
31/7/2014,14.35,17.11,14.26,16.95
30/7/2014,12.63,14.07,12.53,13.33
29/7/2014,12.35,13.35,12.12,13.28
28/7/2014,12.93,13.64,12.54,12.56
25/7/2014,12.03,12.75,12.03,12.69
24/7/2014,11.43,12.06,11.43,11.84
23/7/2014,11.54,12.16,11.41,11.52
22/7/2014,11.97,12.24,11.69,12.24
21/7/2014,12.85,13.62,12.46,12.81
18/7/2014,13.34,13.55,12.04,12.06
17/7/2014,11.35,15.38,10.85,14.54
16/7/2014,10.81,11.45,10.59,11
15/7/2014,11.53,12.47,11.46,11.96
14/7/2014,11.6,11.83,11.4,11.82
11/7/2014,12.5,12.68,12.07,12.08
10/7/2014,13.22,13.23,12.05,12.59
9/7/2014,11.74,12.05,11.5,11.65
8/7/2014,11.72,12.51,11.72,11.98
7/7/2014,11.15,11.54,11.01,11.33
3/7/2014,10.47,10.76,10.28,10.32
2/7/2014,11.18,11.18,10.56,10.82
1/7/2014,11.28,11.42,10.92,11.15
30/6/2014,11.75,11.81,11.3,11.57
27/6/2014,11.72,12.04,11.19,11.26
26/6/2014,11.51,12.51,11.5,11.63
25/6/2014,12.31,12.33,11.37,11.59
24/6/2014,11.02,12.27,10.87,12.13
23/6/2014,11.26,11.35,10.92,10.98
20/6/2014,10.4,11.02,10.34,10.85
19/6/2014,10.53,10.82,10.42,10.62
18/6/2014,11.8,11.91,10.57,10.61
17/6/2014,12.81,12.89,12.06,12.06
16/6/2014,12.65,12.87,12.28,12.65
13/6/2014,12.45,12.69,11.89,12.18
12/6/2014,11.81,12.81,11.71,12.56
11/6/2014,11.42,11.87,11.19,11.6
10/6/2014,11.3,11.66,10.93,10.99
9/6/2014,11.23,11.51,10.99,11.15
6/6/2014,11.32,11.39,10.73,10.73
5/6/2014,12.09,12.34,11.44,11.68
4/6/2014,12.15,12.33,11.91,12.08
3/6/2014,12.03,12.13,11.72,11.87
2/6/2014,11.69,12.17,11.29,11.58
30/5/2014,11.66,11.7,11.32,11.4
29/5/2014,11.58,11.82,11.41,11.57
28/5/2014,11.6,11.86,11.5,11.68
27/5/2014,11.69,11.84,11.5,11.51
23/5/2014,11.96,11.97,11.36,11.36
22/5/2014,11.93,12.09,11.68,12.03
21/5/2014,12.38,12.46,11.8,11.91
20/5/2014,12.69,13.3,12.32,12.96
19/5/2014,13.17,13.21,12.28,12.42
16/5/2014,13.31,13.66,12.26,12.44
15/5/2014,12.73,13.77,12.72,13.17
14/5/2014,12.42,12.51,12.03,12.17
13/5/2014,12.36,12.74,12.05,12.13
12/5/2014,12.46,12.58,11.88,12.23
9/5/2014,13.55,14.03,12.87,12.92
8/5/2014,13.69,13.88,12.92,13.43
7/5/2014,13.64,14.49,13.39,13.4
6/5/2014,13.65,13.9,13.28,13.8
5/5/2014,13.95,14.2,13.08,13.29
2/5/2014,13.15,13.5,12.83,12.91
1/5/2014,13.64,13.75,13.1,13.25
30/4/2014,14.05,14.18,13.34,13.41
29/4/2014,13.88,14.24,13.61,13.71
28/4/2014,14.27,15.28,13.82,13.97
25/4/2014,13.93,14.67,13.91,14.06
24/4/2014,13.36,14.08,13.09,13.32
23/4/2014,13.35,13.75,13.27,13.27
22/4/2014,13.13,13.26,12.9,13.19
21/4/2014,14.1,14.11,13.17,13.25
17/4/2014,14.09,14.17,13.07,13.36
16/4/2014,14.89,15.27,14.05,14.18
15/4/2014,16.14,17.5,15.47,15.61
14/4/2014,16.14,17.4,16.1,16.11
11/4/2014,16.66,17.85,15.89,17.03
10/4/2014,13.98,16.38,13.81,15.89
9/4/2014,14.58,14.94,13.7,13.82
8/4/2014,15.59,16.2,14.81,14.89
7/4/2014,14.96,16.01,14.57,15.57
4/4/2014,12.88,14.55,12.6,13.96
3/4/2014,13.02,13.7,13.02,13.37
2/4/2014,13.17,13.35,12.92,13.09
1/4/2014,13.43,13.56,13.06,13.1
31/3/2014,13.88,14.16,13.57,13.88
28/3/2014,14.15,14.86,13.73,14.41
27/3/2014,15,15.63,14.49,14.62
26/3/2014,13.64,15.28,13.46,14.93
25/3/2014,14.16,15.05,13.96,14.02
24/3/2014,14.7,16.07,14.56,15.09
21/3/2014,13.96,15.17,13.77,15
20/3/2014,15.58,15.62,14.5,14.52
19/3/2014,14.56,15.95,13.89,15.12
18/3/2014,15.42,15.47,14.16,14.52
17/3/2014,16.39,16.4,15.37,15.64
14/3/2014,16.74,18.22,16.09,17.82
13/3/2014,14.28,16.66,14.24,16.22
12/3/2014,15.37,15.64,14.43,14.47
11/3/2014,14.22,14.93,13.84,14.8
10/3/2014,14.76,15.28,14.2,14.2
7/3/2014,13.51,14.43,13.51,14.11
6/3/2014,13.82,14.42,13.73,14.21
5/3/2014,14.13,14.32,13.81,13.89
4/3/2014,14.53,14.54,14,14.1
3/3/2014,16.47,16.78,15.38,16
28/2/2014,14.22,14.79,13.49,14
27/2/2014,14.56,14.69,13.92,14.04
26/2/2014,13.83,14.54,13.73,14.35
25/2/2014,14.17,14.83,13.66,13.67
24/2/2014,14.83,14.83,13.97,14.23
21/2/2014,14.74,14.79,14.19,14.68
20/2/2014,15.28,15.8,14.59,14.79
19/2/2014,14.85,15.73,14.12,15.5
18/2/2014,13.95,14.51,13.77,13.87
14/2/2014,14.21,14.22,13.44,13.57
13/2/2014,15.24,15.24,13.98,14.14
12/2/2014,14.31,14.64,14.02,14.3
11/2/2014,15.29,15.29,14.08,14.51
10/2/2014,15.63,15.76,15.1,15.26
7/2/2014,16.15,16.31,15.09,15.29
6/2/2014,19.09,19.09,17.09,17.23
5/2/2014,19.59,20.72,19.13,19.95
4/2/2014,19.99,20.07,18.44,19.11
3/2/2014,18.57,21.48,18.34,21.44
31/1/2014,18.71,18.99,17.27,18.41
30/1/2014,16.37,17.39,15.96,17.29
29/1/2014,17.95,18.04,16.71,17.35
28/1/2014,17.27,17.28,15.8,15.8
27/1/2014,17.29,18.99,16.85,17.42
24/1/2014,14.95,18.14,14.92,18.14
23/1/2014,13.67,14.66,13.67,13.77
22/1/2014,12.57,13.12,12.55,12.84
21/1/2014,12.63,13.42,12.61,12.87
17/1/2014,12.34,12.93,12.04,12.44
16/1/2014,12.32,12.66,12.28,12.53
15/1/2014,12.15,12.4,11.81,12.28
14/1/2014,12.89,12.9,11.96,12.28
13/1/2014,12.18,13.65,11.82,13.28
10/1/2014,12.6,12.9,12.14,12.14
9/1/2014,12.83,13.26,12.83,12.89
8/1/2014,13.04,13.24,12.86,12.87
7/1/2014,12.38,13.28,12.16,12.92
6/1/2014,13.41,14,13.22,13.55
3/1/2014,14.06,14.22,13.57,13.76
2/1/2014,14.32,14.59,14,14.23
31/12/2013,13.43,14.35,13.38,13.72
30/12/2013,12.87,13.58,12.83,13.56
27/12/2013,12.21,12.59,12.2,12.46
26/12/2013,12.48,12.5,11.69,12.33
24/12/2013,12.85,12.89,12.48,12.48
23/12/2013,13.37,13.53,13.02,13.04
20/12/2013,13.61,13.87,13.12,13.79
19/12/2013,13.59,14.21,12.89,14.15
18/12/2013,15.95,16.75,13.74,13.8
17/12/2013,16.04,16.67,15.81,16.21
16/12/2013,15.64,16.08,15.3,16.03
13/12/2013,15.17,15.8,15.06,15.76
12/12/2013,15.44,16.09,15.21,15.54
11/12/2013,13.98,15.43,13.98,15.42
10/12/2013,14.14,14.22,13.69,13.91
9/12/2013,13.97,14.07,13.49,13.49
6/12/2013,13.97,14.09,13.62,13.79
5/12/2013,14.82,15.38,14.7,15.08
4/12/2013,15.03,15.71,14.22,14.7
3/12/2013,14.74,15.04,14.43,14.55
2/12/2013,13.91,14.31,13.78,14.23
29/11/2013,13.06,13.78,12.93,13.7
27/11/2013,12.81,12.98,12.44,12.98
26/11/2013,12.84,12.99,12.49,12.81
25/11/2013,12.55,12.92,12.49,12.79
22/11/2013,12.69,12.91,12.24,12.26
21/11/2013,13.09,13.09,12.44,12.66
20/11/2013,13.56,13.94,12.97,13.4
19/11/2013,13.03,13.68,12.88,13.39
18/11/2013,12.41,13.22,12.41,13.1
15/11/2013,12.12,12.45,11.99,12.19
14/11/2013,12.8,12.94,12.28,12.37
13/11/2013,13.35,13.35,12.46,12.52
12/11/2013,12.8,13.06,12.63,12.82
11/11/2013,12.85,12.93,12.4,12.53
8/11/2013,13.76,13.8,12.84,12.9
7/11/2013,12.99,14.14,12.93,13.91
6/11/2013,13.01,13.33,12.67,12.67
5/11/2013,13.22,13.64,12.86,13.27
4/11/2013,13.35,13.67,12.91,12.93
1/11/2013,13.46,13.92,13.22,13.28
31/10/2013,13.83,14.02,13.28,13.75
30/10/2013,13.72,14.36,13.64,13.65
29/10/2013,13.25,13.63,13.06,13.41
28/10/2013,13.62,13.72,13.22,13.31
25/10/2013,13.16,13.44,13.08,13.09
24/10/2013,13.5,13.62,13.15,13.2
23/10/2013,13.71,14.21,13.42,13.42
22/10/2013,12.99,13.92,12.93,13.33
21/10/2013,13.34,13.63,13.07,13.16
18/10/2013,12.86,13.53,12.34,13.04
17/10/2013,14.52,14.59,12.89,13.48
16/10/2013,17.14,17.15,14.67,14.71
15/10/2013,16.41,18.67,16.16,18.66
14/10/2013,17.08,17.74,15.8,16.07
11/10/2013,16.31,16.38,15.46,15.72
10/10/2013,17.66,17.92,16.29,16.48
9/10/2013,20.19,21.34,19.04,19.6
8/10/2013,19.01,21.01,18.98,20.34
7/10/2013,18.76,19.41,18.08,19.41
4/10/2013,17.72,17.87,16.66,16.74
3/10/2013,16.63,18.71,16.63,17.67
2/10/2013,16.4,16.81,16.13,16.6
1/10/2013,16.31,16.46,15.47,15.54
30/9/2013,17.49,17.49,16.16,16.6
27/9/2013,14.62,15.79,14.62,15.46
26/9/2013,13.8,14.4,13.58,14.06
25/9/2013,14.24,14.62,13.89,14.01
24/9/2013,14.17,14.37,13.75,14.08
23/9/2013,14.04,14.71,14.02,14.31
20/9/2013,13.3,13.47,12.52,13.12
19/9/2013,13.02,13.39,13.02,13.16
18/9/2013,14.68,14.68,13.23,13.59
17/9/2013,14.44,14.61,14.28,14.53
16/9/2013,14.1,14.49,13.87,14.38
13/9/2013,14.27,14.55,14.11,14.16
12/9/2013,13.93,14.39,13.73,14.29
11/9/2013,14.74,14.74,13.82,13.82
10/9/2013,14.89,15.09,14.5,14.53
9/9/2013,15.86,16.02,15.22,15.63
6/9/2013,15.35,16.81,15.17,15.85
5/9/2013,16.12,16.12,15.63,15.77
4/9/2013,16.88,17.01,15.77,15.88
3/9/2013,16.47,17.37,16.11,16.61
30/8/2013,16.75,17.81,16.7,17.01
29/8/2013,16.79,16.98,15.99,16.81
28/8/2013,16.96,17.11,16.1,16.49
27/8/2013,16.56,17.13,15.82,16.77
26/8/2013,14.37,15.01,13.9,14.99
23/8/2013,14.29,14.82,13.98,13.98
22/8/2013,15.26,15.26,14.66,14.76
21/8/2013,16,16.56,14.67,15.94
20/8/2013,15.22,15.25,14.29,14.91
19/8/2013,14.94,15.2,14.35,15.1
16/8/2013,14.56,14.88,13.62,14.37
15/8/2013,14.14,14.85,13.91,14.73
14/8/2013,12.48,13.09,12.35,13.04
13/8/2013,12.86,13.37,12.29,12.31
12/8/2013,13.52,13.57,12.8,12.81
9/8/2013,12.88,13.66,12.71,13.41
8/8/2013,12.5,13.13,12.37,12.73
7/8/2013,13.17,13.91,12.96,12.98
6/8/2013,12.19,12.93,12.06,12.72
5/8/2013,12.29,12.42,11.83,11.84
2/8/2013,12.66,12.74,11.98,11.98
1/8/2013,12.89,13.25,12.82,12.94
31/7/2013,13.55,13.83,12.94,13.45
30/7/2013,13.45,14.14,13.35,13.39
29/7/2013,13.54,13.86,13.38,13.39
26/7/2013,13.41,13.73,12.71,12.72
25/7/2013,13.47,13.54,12.91,12.97
24/7/2013,12.69,13.49,12.69,13.18
23/7/2013,12.15,13.06,12.07,12.66
22/7/2013,13.23,13.37,12.29,12.29
19/7/2013,13.89,13.97,12.54,12.54
18/7/2013,13.63,13.8,13.2,13.77
17/7/2013,14.2,14.44,13.76,13.78
16/7/2013,13.78,14.56,13.78,14.42
15/7/2013,13.98,14.11,13.5,13.79
12/7/2013,13.9,14.04,13.74,13.84
11/7/2013,13.57,14.2,13.57,14.01
10/7/2013,14.46,14.62,14.06,14.21
9/7/2013,14.33,14.65,14.26,14.35
8/7/2013,14.66,15.27,14.66,14.78
5/7/2013,15.59,16.28,14.89,14.89
3/7/2013,17.22,17.32,16.2,16.2
2/7/2013,16.49,16.93,15.88,16.44
1/7/2013,16.9,16.9,16,16.37
28/6/2013,17.25,17.69,16.19,16.86
27/6/2013,16.6,16.97,16.34,16.86
26/6/2013,17.23,18.06,17.08,17.21
25/6/2013,18.65,19.22,17.82,18.47
24/6/2013,20.87,21.91,18.58,20.11
21/6/2013,18.97,20.93,18.25,18.9
20/6/2013,18.4,21.32,18.01,20.49
19/6/2013,16.89,17.18,15.36,16.64
18/6/2013,16.81,16.95,16.46,16.61
17/6/2013,16.53,17.62,16.33,16.8
14/6/2013,16.63,17.26,16.03,17.15
13/6/2013,18.38,18.58,16.37,16.41
12/6/2013,16.51,18.6,16.43,18.59
11/6/2013,16.91,17.14,16,17.07
10/6/2013,15.16,15.6,15.1,15.44
7/6/2013,15.9,16.21,14.96,15.14
6/6/2013,17.7,18.51,16.6,16.63
5/6/2013,16.86,17.84,16.57,17.5
4/6/2013,16.16,17.25,15.82,16.27
3/6/2013,16.4,17.58,16.15,16.28
31/5/2013,15.02,16.35,14.36,16.3
30/5/2013,14.9,14.98,14.27,14.53
29/5/2013,15.3,15.65,14.59,14.83
28/5/2013,13.67,14.56,13.56,14.48
24/5/2013,14.59,14.79,13.99,13.99
23/5/2013,14.94,15.11,13.87,14.07
22/5/2013,13.45,14.45,13.05,13.82
21/5/2013,13.08,13.44,12.89,13.37
20/5/2013,13.28,13.28,12.84,13.02
17/5/2013,12.73,12.94,12.26,12.45
16/5/2013,13.07,13.46,12.79,13.07
15/5/2013,12.98,13.43,12.78,12.81
14/5/2013,12.61,13.21,12.54,12.77
13/5/2013,12.57,12.87,12.49,12.55
10/5/2013,13.08,13.45,12.54,12.59
9/5/2013,12.91,13.53,12.78,13.13
8/5/2013,12.87,13.04,12.62,12.66
7/5/2013,12.63,12.96,12.49,12.83
6/5/2013,13.06,13.19,12.66,12.66
3/5/2013,12.92,13.15,12.77,12.85
2/5/2013,14.48,14.48,13.58,13.59
1/5/2013,13.88,14.67,13.87,14.49
30/4/2013,13.71,14.28,13.51,13.52
29/4/2013,13.72,13.94,13.36,13.71
26/4/2013,13.94,14.18,13.49,13.61
25/4/2013,13.61,13.87,13.13,13.62
24/4/2013,13.57,13.75,13.36,13.61
23/4/2013,13.81,14.87,13.46,13.48
22/4/2013,15.08,16,14.04,14.39
19/4/2013,16.67,16.98,14.87,14.97
18/4/2013,16.34,18.2,16.32,17.56
17/4/2013,15.35,17.9,14.98,16.51
16/4/2013,14.72,14.87,13.91,13.96
15/4/2013,13.12,17.27,12.66,17.27
12/4/2013,12.61,13.12,11.99,12.06
11/4/2013,12.55,12.62,12.15,12.24
10/4/2013,12.66,12.88,12.32,12.36
9/4/2013,13.11,13.68,12.75,12.84
8/4/2013,14.04,14.5,13.19,13.19
5/4/2013,15.64,15.65,13.86,13.92
4/4/2013,14.1,14.79,13.89,13.89
3/4/2013,12.65,14.66,12.62,14.21
2/4/2013,13.11,13.18,12.76,12.78
1/4/2013,13.46,14.05,13.26,13.58
28/3/2013,12.91,13.07,12.54,12.7
27/3/2013,13.72,13.97,12.97,13.15
26/3/2013,12.95,13.21,12.69,12.77
25/3/2013,12.85,14.61,12.39,13.74
22/3/2013,13.34,13.85,13.19,13.57
21/3/2013,13.07,14.21,12.62,13.99
20/3/2013,13.18,13.18,12.3,12.67
19/3/2013,13.03,15.4,12.92,14.39
18/3/2013,13.47,13.64,12.57,13.36
15/3/2013,11.52,11.99,11.21,11.3
14/3/2013,11.7,11.75,11.05,11.3
13/3/2013,12.18,12.55,11.79,11.83
12/3/2013,11.79,12.93,11.74,12.27
11/3/2013,12.31,12.34,11.5,11.56
8/3/2013,12.67,13.3,12.49,12.59
7/3/2013,13.45,13.56,13.03,13.06
6/3/2013,13.18,13.77,13.17,13.53
5/3/2013,13.44,13.66,13.24,13.48
4/3/2013,16.16,16.16,14.01,14.01
1/3/2013,16.1,16.82,15.14,15.36
28/2/2013,15,15.6,14.16,15.51
27/2/2013,16.57,16.6,14.42,14.73
26/2/2013,17.5,18.23,16.75,16.87
25/2/2013,13.69,19.28,13.57,18.99
22/2/2013,14.6,15.02,14.16,14.17
21/2/2013,14.68,16.21,14.67,15.22
20/2/2013,12.32,14.68,12.32,14.68
19/2/2013,12.81,12.85,12.08,12.31
15/2/2013,12.47,12.89,12.24,12.46
14/2/2013,13.3,13.32,12.64,12.66
13/2/2013,12.88,13.19,12.67,12.98
12/2/2013,12.82,13.13,12.63,12.64
11/2/2013,13.37,13.42,12.91,12.94
8/2/2013,13.2,13.2,12.89,13.02
7/2/2013,13.47,14.41,13.43,13.5
6/2/2013,14.06,14.08,13.34,13.41
5/2/2013,14.21,14.21,13.39,13.72
4/2/2013,14,14.75,13.8,14.67
1/2/2013,13.37,13.38,12.72,12.9
31/1/2013,14.43,14.43,14.04,14.28
30/1/2013,13.64,14.33,13.6,14.32
29/1/2013,13.87,13.88,13.04,13.31
28/1/2013,13.29,13.91,13.29,13.57
25/1/2013,12.63,12.99,12.5,12.89
24/1/2013,12.73,13.5,12.4,12.69
23/1/2013,12.67,12.67,12.3,12.46
22/1/2013,13.28,13.32,12.43,12.43
18/1/2013,13.52,13.53,12.29,12.46
17/1/2013,13.45,13.7,13.16,13.57
16/1/2013,13.7,13.76,13.2,13.42
15/1/2013,13.97,13.99,13.33,13.55
14/1/2013,13.66,13.85,13.41,13.52
11/1/2013,13.55,13.79,13.36,13.36
10/1/2013,13.33,13.88,13.33,13.49
9/1/2013,13.32,13.93,13.22,13.81
8/1/2013,13.88,14.29,13.62,13.62
7/1/2013,14.53,14.53,13.71,13.79
4/1/2013,14.23,14.31,13.64,13.83
3/1/2013,14.77,14.92,14.24,14.56
2/1/2013,15.24,15.93,14.6,14.68
31/12/2012,22.14,22.19,17.88,18.02
28/12/2012,20.32,22.72,19.94,22.72
27/12/2012,19.39,20.9,19.11,19.47
26/12/2012,18.71,19.63,18.61,19.48
24/12/2012,18.46,18.66,18.42,17.84
21/12/2012,19.85,19.93,17.76,17.84
20/12/2012,17.26,17.96,17.11,17.67
19/12/2012,16.05,17.46,16.04,17.36
18/12/2012,16.39,16.43,15.46,15.57
17/12/2012,17.2,17.2,16.21,16.34
14/12/2012,16.68,17.15,16.61,17
13/12/2012,15.87,16.67,15.71,16.56
12/12/2012,15.6,16.09,15.41,15.95
11/12/2012,15.94,16.01,15.42,15.57
10/12/2012,16.47,16.47,15.96,16.05
7/12/2012,16.12,16.65,15.73,15.9
6/12/2012,16.59,16.85,16.31,16.58
5/12/2012,16.95,17.53,16.27,16.46
4/12/2012,16.66,17.37,16.38,17.12
3/12/2012,15.81,16.69,15.76,16.64
30/11/2012,15.26,16.17,14.89,15.87
29/11/2012,15.21,15.51,15.02,15.06
28/11/2012,16.43,16.98,15.47,15.51
27/11/2012,15.3,15.93,15.01,15.92
26/11/2012,15.63,15.84,15.47,15.5
23/11/2012,15,15.26,15,15.14
21/11/2012,14.96,15.43,14.77,15.31
20/11/2012,15.11,15.65,15.06,15.08
19/11/2012,15.88,15.98,15.1,15.24
16/11/2012,17.65,18.5,16.41,16.41
15/11/2012,17.74,18.64,17.62,17.99
14/11/2012,16.32,18.05,15.93,17.92
13/11/2012,17.36,17.38,16.12,16.65
12/11/2012,18.15,18.15,16.45,16.68
9/11/2012,18.8,18.81,17.67,18.61
8/11/2012,18.69,18.69,17.96,18.49
7/11/2012,17.72,19.4,17.62,19.08
6/11/2012,18.16,18.17,17.19,17.58
5/11/2012,18.33,18.7,18.13,18.42
2/11/2012,16.06,17.6,16.05,17.59
1/11/2012,17.77,17.79,16.45,16.69
31/10/2012,17.68,18.84,17.56,18.6
26/10/2012,18.03,18.64,17.52,17.81
25/10/2012,17.56,18.64,17.3,18.12
24/10/2012,18.22,18.67,17.93,18.33
23/10/2012,18.23,19.65,18.17,18.83
22/10/2012,17.44,17.98,16.62,16.62
19/10/2012,14.91,17.6,14.9,17.06
18/10/2012,15.25,15.5,14.68,15.03
17/10/2012,15.43,15.63,14.9,15.07
16/10/2012,14.84,15.23,14.5,15.22
15/10/2012,16.05,16.21,15.23,15.27
12/10/2012,15.41,16.18,14.96,16.14
11/10/2012,15.33,15.8,15.31,15.59
10/10/2012,16.52,16.79,16.13,16.29
9/10/2012,15.28,16.4,15.18,16.37
8/10/2012,15.19,15.46,15.04,15.11
5/10/2012,13.68,14.78,13.67,14.33
4/10/2012,15.23,15.33,14.53,14.55
3/10/2012,15.63,16.02,15.13,15.43
2/10/2012,15.85,16.5,15.7,15.71
1/10/2012,16.03,16.53,15.13,16.32
28/9/2012,15.23,15.77,14.95,15.73
27/9/2012,16.38,16.5,14.83,14.84
26/9/2012,15.83,17.08,15.83,16.81
25/9/2012,14.19,15.72,14.03,15.43
24/9/2012,15.06,15.06,13.87,14.15
21/9/2012,13.94,14.18,13.69,13.98
20/9/2012,14.63,14.67,14.07,14.07
19/9/2012,13.95,14.08,13.61,13.88
18/9/2012,14.51,14.88,14.17,14.18
17/9/2012,14.67,14.92,14.5,14.59
14/9/2012,13.82,14.71,13.51,14.51
13/9/2012,15.6,15.99,13.91,14.05
12/9/2012,15.59,16.31,15.59,15.8
11/9/2012,16.11,16.41,15.78,16.41
10/9/2012,14.27,16.28,13.97,16.28
7/9/2012,15.6,15.6,14.33,14.38
6/9/2012,17.3,17.3,15.6,15.6
5/9/2012,17.38,17.84,16.99,17.74
4/9/2012,18.65,18.96,17.85,17.98
31/8/2012,17.25,18.04,16.92,17.47
30/8/2012,17.48,18.05,17.44,17.83
29/8/2012,16.61,17.06,16.5,17.06
28/8/2012,16.32,16.92,16.01,16.49
27/8/2012,16.15,16.38,15.75,16.35
24/8/2012,15.99,16,15.18,15.18
23/8/2012,15,16.45,15,15.96
22/8/2012,15.32,15.52,14.75,15.11
21/8/2012,14.1,15.44,14.04,15.02
20/8/2012,14.11,14.78,13.99,14.02
17/8/2012,14.23,14.3,13.32,13.45
16/8/2012,14.88,15.15,14.28,14.29
15/8/2012,14.82,14.98,14.36,14.63
14/8/2012,13.91,15.06,13.91,14.85
13/8/2012,14.09,14.67,13.67,13.7
10/8/2012,15.34,15.5,14.73,14.74
9/8/2012,15.39,15.67,15.28,15.28
8/8/2012,16.46,16.47,15.27,15.32
7/8/2012,15.55,16.03,15.48,15.99
6/8/2012,15.85,16.27,15.82,15.95
3/8/2012,16.05,16.45,15.64,15.64
2/8/2012,19.05,19.25,17.56,17.57
1/8/2012,18.8,19.18,18.2,18.96
31/7/2012,18.4,18.94,18.26,18.93
30/7/2012,17.55,18.08,17.23,18.03
27/7/2012,17.11,17.3,16.52,16.7
26/7/2012,17.68,18.47,17.07,17.53
25/7/2012,19.79,20.67,18.99,19.34
24/7/2012,18.38,21,18.37,20.47
23/7/2012,20.41,20.49,18.34,18.62
20/7/2012,16.65,17.05,15.97,16.27
19/7/2012,16.06,16.7,15.45,15.45
18/7/2012,16.81,16.81,15.69,16.16
17/7/2012,16.72,17.46,16.09,16.48
16/7/2012,17.31,17.32,16.46,17.11
13/7/2012,17.78,17.82,16.36,16.74
12/7/2012,18.82,19.51,17.75,18.33
11/7/2012,17.98,19.17,17.84,17.95
10/7/2012,17.51,19.19,17.29,18.72
9/7/2012,18.17,18.32,17.73,17.98
6/7/2012,18.2,18.25,16.95,17.1
5/7/2012,17.61,18.22,17.18,17.5
3/7/2012,16.67,16.92,16.27,16.66
2/7/2012,17.62,18.19,16.74,16.8
29/6/2012,17.52,18.31,16.87,17.08
28/6/2012,20.33,21.19,19.6,19.71
27/6/2012,19.55,20.12,19.38,19.45
26/6/2012,20.01,20.57,19.42,19.72
25/6/2012,20.47,21.36,19.89,20.38
22/6/2012,18.65,19.37,17.9,18.11
21/6/2012,16.89,20.48,16.77,20.08
20/6/2012,17.96,20.05,17.09,17.24
19/6/2012,17.66,18.42,17.44,18.38
18/6/2012,21.76,21.98,18.24,18.32
15/6/2012,22.47,23.09,20.71,21.11
14/6/2012,24.19,24.81,21.55,21.68
13/6/2012,22.93,24.93,22.66,24.27
12/6/2012,23.15,23.9,22.09,22.09
11/6/2012,19.87,23.56,19.87,23.56
8/6/2012,22.54,22.64,21.23,21.23
7/6/2012,21,22.48,20.74,21.72
6/6/2012,23.76,23.89,22.06,22.16
5/6/2012,25.9,25.9,24.5,24.68
4/6/2012,26.35,27.73,25.72,26.12
1/6/2012,25.87,26.71,24.94,26.66
31/5/2012,23.83,25.46,22.78,24.06
30/5/2012,22.68,24.14,22.66,24.14
29/5/2012,21.7,22.47,20.99,21.03
25/5/2012,22.05,22.29,21.46,21.76
24/5/2012,22,23.22,21.48,21.54
23/5/2012,23.32,24.62,21.99,22.33
22/5/2012,21.76,23.19,20.25,22.48
21/5/2012,24.88,24.88,22.01,22.01
18/5/2012,23.27,25.14,23.07,25.1
17/5/2012,21.99,24.51,21.87,24.49
16/5/2012,21.54,22.69,20.83,22.27
15/5/2012,21.43,22.7,20.76,21.97
14/5/2012,21.47,21.87,20.94,21.87
11/5/2012,19.93,19.94,18.62,19.89
10/5/2012,19.25,19.88,18.77,18.83
9/5/2012,20.65,21.59,19.38,20.08
8/5/2012,19.44,20.91,17.95,19.05
7/5/2012,19.8,19.87,18.41,18.94
4/5/2012,18.03,19.28,17.81,19.16
3/5/2012,16.9,17.92,16.73,17.56
2/5/2012,17.25,17.63,16.78,16.88
1/5/2012,17.27,17.49,16.12,16.6
30/4/2012,17.04,17.41,16.92,17.15
27/4/2012,15.83,16.47,15.83,16.32
26/4/2012,16.97,17.04,15.75,16.24
25/4/2012,17.05,17.38,16.82,16.82
24/4/2012,19.22,19.22,18.09,18.1
23/4/2012,20.22,20.27,18.95,18.97
20/4/2012,17.92,18.05,16.97,17.44
19/4/2012,18.51,19.69,17.69,18.36
18/4/2012,19.02,19.17,18.19,18.64
17/4/2012,18.66,18.66,17.58,18.46
16/4/2012,18.87,20.42,18.6,19.55
13/4/2012,17.95,19.62,17.85,19.55
12/4/2012,19.63,19.74,17.2,17.2
11/4/2012,19.22,20.12,18.73,20.02
10/4/2012,19.1,21.06,18.62,20.39
9/4/2012,18.94,18.94,17.93,18.81
5/4/2012,17.02,17.13,16.29,16.7
4/4/2012,17.07,17.74,16.31,16.44
3/4/2012,15.61,16.65,15.56,15.66
2/4/2012,16.35,16.58,15.02,15.64
30/3/2012,14.88,15.98,14.67,15.5
29/3/2012,16.84,17.2,15.39,15.48
28/3/2012,15.58,17.27,15.4,15.47
27/3/2012,14.52,15.59,14.14,15.59
26/3/2012,14.51,15.03,14.26,14.26
23/3/2012,15.65,16.39,14.69,14.82
22/3/2012,16.04,16.58,15.56,15.57
21/3/2012,14.72,15.31,14.19,15.13
20/3/2012,15.82,15.95,15.11,15.58
19/3/2012,15.42,15.43,14.56,15.04
16/3/2012,14.43,15.24,13.66,14.47
15/3/2012,15.32,15.64,14.94,15.42
14/3/2012,14.42,16.19,14.39,15.31
13/3/2012,14,16.08,13.99,14.8
12/3/2012,15.79,16.67,15.23,15.64
9/3/2012,17.16,17.54,16.63,17.11
8/3/2012,18.08,18.46,17.76,17.95
7/3/2012,20.43,20.44,19.07,19.07
6/3/2012,20.57,21.24,20.3,20.87
5/3/2012,18.27,18.9,18.02,18.05
2/3/2012,17.65,17.65,17.14,17.29
1/3/2012,18.02,18.03,17.26,17.26
29/2/2012,17.8,18.75,17.53,18.43
28/2/2012,18.67,18.67,17.88,17.96
27/2/2012,19.1,19.25,17.58,18.19
24/2/2012,16.68,17.62,16.42,17.31
23/2/2012,18.73,18.97,16.64,16.8
22/2/2012,18.85,18.94,17.92,18.19
21/2/2012,18.41,18.94,17.65,18.19
17/2/2012,18.73,18.79,17.78,17.78
16/2/2012,21.59,21.76,19.22,19.22
15/2/2012,19.74,21.77,19.44,21.14
14/2/2012,19.45,20.76,19.22,19.54
13/2/2012,19.64,19.68,18.99,19.04
10/2/2012,20.1,21.98,20.03,20.79
9/2/2012,18.12,18.72,18.07,18.63
8/2/2012,17.79,18.46,17.53,18.16
7/2/2012,17.93,18.1,17.5,17.65
6/2/2012,17.98,18.02,17.75,17.76
3/2/2012,16.84,17.32,16.81,17.1
2/2/2012,18.38,18.5,17.98,17.98
1/2/2012,18.68,18.82,18.09,18.55
31/1/2012,19.07,19.84,18.99,19.44
30/1/2012,20.33,20.33,19.38,19.4
27/1/2012,19.16,19.16,18.26,18.53
26/1/2012,17.96,19.17,17.9,18.57
25/1/2012,19.35,19.55,18.02,18.31
24/1/2012,19.76,20,18.91,18.91
23/1/2012,19.22,19.31,18.55,18.67
20/1/2012,19.91,19.94,18.16,18.28
19/1/2012,20.49,20.87,19.45,19.87
18/1/2012,23.2,23.44,20.78,20.89
17/1/2012,20.9,22.25,20.69,22.2
13/1/2012,21.41,22.43,20.91,20.91
12/1/2012,21.01,22.03,20.46,20.47
11/1/2012,21.18,21.22,20.98,21.05
10/1/2012,20.14,20.69,20.05,20.69
9/1/2012,21.67,21.78,21,21.07
6/1/2012,21.24,21.72,20.58,20.63
5/1/2012,22.75,23.09,21.34,21.48
4/1/2012,23.44,23.73,22.22,22.22
3/1/2012,22.95,23.1,22.54,22.97
30/12/2011,22.86,23.46,22.79,23.4
29/12/2011,23.52,23.52,22.65,22.65
28/12/2011,22.12,23.56,22.11,23.52
27/12/2011,22.58,22.66,21.82,21.91
23/12/2011,21.1,21.21,20.72,20.73
22/12/2011,21.08,21.33,20.34,21.16
21/12/2011,22.52,22.88,21.12,21.43
20/12/2011,23.56,23.58,22.54,23.22
19/12/2011,25.14,25.38,24.38,24.92
16/12/2011,24.16,25.02,23.51,24.29
15/12/2011,24.38,25.28,24.14,25.11
14/12/2011,26.16,27.55,25.76,26.04
13/12/2011,24.72,26.28,23.27,25.41
12/12/2011,26.78,27.73,25.64,25.67
9/12/2011,29.61,29.61,26.29,26.38
8/12/2011,29.63,30.91,29.47,30.59
7/12/2011,28.61,29.58,28.44,28.67
6/12/2011,27.91,28.13,27.41,28.13
5/12/2011,26.74,28.31,26.52,27.84
2/12/2011,26.26,27.62,25.29,27.52
1/12/2011,27.63,27.89,26.64,27.41
30/11/2011,27.72,28.33,27.51,27.8
29/11/2011,31.76,32.02,30.56,30.64
28/11/2011,31.93,33.11,31.57,32.13
25/11/2011,34.61,34.77,33.12,34.47
23/11/2011,32.91,34.57,32.68,33.98
22/11/2011,33.12,33.39,31.28,31.97
21/11/2011,34.59,35.29,32.53,32.91
18/11/2011,33.16,33.99,31.92,32
17/11/2011,33.15,36.46,32.89,34.51
16/11/2011,32.66,33.51,30.54,33.51
15/11/2011,31.74,32.55,30.4,31.22
14/11/2011,31.42,32.85,31.13,31.13
11/11/2011,29.91,30.42,29.45,30.04
10/11/2011,33.09,35.5,32.12,32.81
9/11/2011,31.32,36.43,30.98,36.16
8/11/2011,29.34,30.49,27.47,27.48
7/11/2011,31.4,32.15,29.85,29.85
4/11/2011,31.46,32.56,30.14,30.16
3/11/2011,31.38,34.65,30.21,30.5
2/11/2011,33.53,34.27,32.55,32.74
1/11/2011,36.03,37.53,33.87,34.77
31/10/2011,27.09,29.97,27.01,29.96
28/10/2011,26.02,26.02,24.44,24.53
27/10/2011,24.72,26.46,24.7,25.46
26/10/2011,30.44,33.3,29.63,29.86
25/10/2011,30.68,32.46,30.32,32.22
24/10/2011,31.67,31.7,28.84,29.26
21/10/2011,32.76,32.98,31.32,31.32
20/10/2011,34.44,36.87,34.16,34.78
19/10/2011,32.92,35.47,31.91,34.44
18/10/2011,33.37,34.71,29.69,31.56
17/10/2011,30.35,33.39,30.12,33.39
14/10/2011,29.07,29.96,28.08,28.24
13/10/2011,31.99,32.76,30.48,30.7
12/10/2011,31.57,31.93,29.79,31.26
11/10/2011,33.95,34.24,32.62,32.86
10/10/2011,35.45,35.45,32.96,33.02
7/10/2011,35.67,37.82,35.19,36.2
6/10/2011,38.24,38.74,36.15,36.27
5/10/2011,40.73,41.2,37.51,37.81
4/10/2011,46.18,46.88,40.02,40.82
3/10/2011,44.25,45.55,41.51,45.45
30/9/2011,40.93,42.99,39.88,42.96
29/9/2011,38.62,42,38.03,38.84
28/9/2011,37.7,41.24,36.65,41.08
27/9/2011,36.59,38.57,35.32,37.71
26/9/2011,40.99,43.34,39.02,39.02
23/9/2011,42.17,42.82,40.42,41.25
22/9/2011,41,43.87,39.33,41.35
21/9/2011,33,37.32,32.45,37.32
20/9/2011,32.42,33.14,31.45,32.86
19/9/2011,34.8,35.33,32.35,32.73
16/9/2011,31.81,32.48,30.43,30.98
15/9/2011,33.43,33.98,31.75,31.97
14/9/2011,36.59,37.76,33.4,34.6
13/9/2011,38.68,39.43,36.69,36.91
12/9/2011,42.56,43.18,38.58,38.59
9/9/2011,35.53,40.74,35.53,38.52
8/9/2011,34.41,34.71,32.79,34.32
7/9/2011,34.24,34.7,33.38,33.38
6/9/2011,39.84,39.86,37,37
2/9/2011,34.29,34.74,32.7,33.92
1/9/2011,31.91,32.38,30.76,31.82
31/8/2011,31.2,32.53,30.16,31.62
30/8/2011,32.97,33.55,31.55,32.89
29/8/2011,33.81,33.81,32.21,32.28
26/8/2011,41.18,43.84,34.33,35.59
25/8/2011,34.43,40.14,34.05,39.76
24/8/2011,37.12,37.38,34.55,35.9
23/8/2011,41.89,42.54,35.83,36.27
22/8/2011,38.8,43.58,38.78,42.44
19/8/2011,45.34,45.4,39.99,43.05
18/8/2011,36.77,45.28,36.69,42.67
17/8/2011,32.09,33.32,30.81,31.58
16/8/2011,33.36,34.49,31.68,32.85
15/8/2011,34.73,34.83,31.47,31.87
12/8/2011,37.08,37.85,34.01,36.36
11/8/2011,41.94,42.88,37.5,39
10/8/2011,39.33,44.41,37.34,42.99
9/8/2011,42.12,47.56,34.28,35.06
8/8/2011,36.9,48,35.29,48
5/8/2011,28.48,39.25,27.54,32
4/8/2011,24.57,32.07,24.31,31.66
3/8/2011,23.58,25.23,22.76,23.38
2/8/2011,24.22,24.79,22.65,24.79
1/8/2011,22.63,25.63,22.46,23.66
29/7/2011,25.28,25.94,23.65,25.25
28/7/2011,22.83,23.99,21.2,23.74
27/7/2011,20.87,23.2,20.87,22.98
26/7/2011,19.75,20.5,19.56,20.23
25/7/2011,19.26,19.5,18.73,19.35
22/7/2011,17.22,17.95,17.14,17.52
21/7/2011,18.61,18.63,17.15,17.56
20/7/2011,18.81,19.65,18.61,19.09
19/7/2011,20.14,20.43,19.12,19.21
18/7/2011,21.25,21.93,20.9,20.95
15/7/2011,20.25,21.68,19.52,19.53
14/7/2011,20.08,21.58,19.35,20.8
13/7/2011,19.08,20.16,18.09,19.91
12/7/2011,19.55,20.13,18.25,19.87
11/7/2011,17.44,19.06,17.16,18.39
8/7/2011,17.14,17.14,15.95,15.95
7/7/2011,15.3,16.13,15.3,15.95
6/7/2011,16.46,17.08,16.32,16.34
5/7/2011,16.32,16.5,15.89,16.06
1/7/2011,16.06,16.29,15.12,15.87
30/6/2011,16.67,16.77,15.88,16.52
29/6/2011,18.62,18.83,16.32,17.27
28/6/2011,20.3,20.45,19.17,19.17
27/6/2011,21.6,21.82,20.27,20.56
24/6/2011,19.2,21.28,19.1,21.1
23/6/2011,20.23,21.5,19.22,19.29
22/6/2011,18.86,18.9,17.72,18.52
21/6/2011,19.46,19.46,17.72,18.86
20/6/2011,22.99,23.08,19.99,19.99
17/6/2011,21.56,22.39,21.01,21.85
16/6/2011,21.37,24.65,20.81,22.73
15/6/2011,19.31,21.66,19.03,21.32
14/6/2011,18.56,18.56,17.8,18.26
13/6/2011,19.1,20.02,18.41,19.61
10/6/2011,17.93,19.16,17.93,18.86
9/6/2011,18.2,18.31,17.26,17.77
8/6/2011,18.15,18.83,17.72,18.79
7/6/2011,18.13,18.48,17.39,18.07
6/6/2011,18.42,18.65,17.65,18.49
3/6/2011,18.23,19.87,17.12,17.95
2/6/2011,17.92,18.72,17.39,18.09
1/6/2011,15.95,18.48,15.95,18.3
31/5/2011,15.85,16.5,15.15,15.45
27/5/2011,16.11,16.27,15.36,15.98
26/5/2011,17.17,17.46,15.9,16.09
25/5/2011,18.26,18.26,16.7,17.07
24/5/2011,18.07,18.19,17,17.82
23/5/2011,20.03,20.03,17.47,18.27
20/5/2011,15.88,17.43,15.7,17.43
19/5/2011,15.9,16.56,15.5,15.52
18/5/2011,17.56,17.68,16.03,16.23
17/5/2011,18.54,19.09,17.47,17.55
16/5/2011,17.86,18.25,16.61,18.24
13/5/2011,16.02,17.56,15.98,17.07
12/5/2011,17.27,17.89,16.03,16.03
11/5/2011,16.27,17.49,16.23,16.95
10/5/2011,16.84,16.9,15.79,15.91
9/5/2011,18.59,18.59,17.04,17.16
6/5/2011,17.17,19.29,16.12,18.4
5/5/2011,17.68,19.11,16.74,18.2
4/5/2011,16.84,17.72,16.83,17.08
3/5/2011,16.35,17.29,16.13,16.7
2/5/2011,15.07,16.13,15.07,15.99
29/4/2011,14.56,14.99,14.49,14.75
28/4/2011,15.54,15.54,14.27,14.62
27/4/2011,15.37,16.42,15.13,15.35
26/4/2011,15.36,15.66,15.07,15.62
25/4/2011,15.64,16.06,15.5,15.77
21/4/2011,14.71,15.23,14.4,14.69
20/4/2011,14.31,15.39,14.3,15.07
19/4/2011,16.62,16.72,15.69,15.83
18/4/2011,18.3,19.07,16.81,16.96
15/4/2011,15.97,15.98,14.92,15.32
14/4/2011,17.77,18.08,16.08,16.27
13/4/2011,16.33,17.38,16.2,16.92
12/4/2011,17.58,18.46,16.88,17.09
11/4/2011,16.74,17.05,16.22,16.59
8/4/2011,16.51,18.33,16.51,17.87
7/4/2011,16.92,17.77,16.49,17.11
6/4/2011,16.75,17.15,16.5,16.9
5/4/2011,17.87,17.87,16.5,17.25
4/4/2011,17.63,17.85,17.39,17.5
1/4/2011,16.68,17.62,16.44,17.4
31/3/2011,17.9,17.95,17.41,17.74
30/3/2011,17.82,17.89,17.37,17.71
29/3/2011,19.17,19.78,18.15,18.16
28/3/2011,18.31,19.44,17.96,19.44
25/3/2011,17.87,18.08,17.07,17.91
24/3/2011,18.45,18.99,17.87,18
23/3/2011,20.59,21.05,18.19,19.17
22/3/2011,20.53,20.59,19.97,20.21
21/3/2011,22.1,22.16,20.48,20.61
18/3/2011,23.9,24.85,23.09,24.44
17/3/2011,26.94,27.54,25.44,26.37
16/3/2011,24.65,31.28,24.04,29.4
15/3/2011,25.66,25.72,23.31,24.32
14/3/2011,21.79,22.74,20.92,21.13
11/3/2011,21.72,21.75,19.97,20.08
10/3/2011,21.37,22.25,20.34,21.88
9/3/2011,20.05,20.96,19.41,20.22
8/3/2011,20.58,21.06,19.15,19.82
7/3/2011,19.37,21.77,18.95,20.66
4/3/2011,18.56,20.33,18.31,19.06
3/3/2011,19.27,19.27,18.25,18.6
2/3/2011,20.73,21.14,19.62,20.7
1/3/2011,17.63,21.01,17.63,21.01
28/2/2011,19.12,19.27,18.14,18.35
25/2/2011,20.41,20.44,18.88,19.22
24/2/2011,22.28,22.71,20.81,21.32
23/2/2011,20.84,23.22,20.3,22.13
22/2/2011,19.46,21.45,18.38,20.8
18/2/2011,16.59,16.91,16.05,16.43
17/2/2011,17.01,17.3,15.88,16.59
16/2/2011,16.31,16.74,15.84,16.72
15/2/2011,16.3,16.75,16.27,16.37
14/2/2011,16.07,16.26,15.22,15.95
11/2/2011,16.53,16.53,15.55,15.69
10/2/2011,16.74,17.07,16,16.09
9/2/2011,16.27,16.52,15.86,15.87
8/2/2011,16.29,16.6,15.81,15.81
7/2/2011,16.14,16.54,15.9,16.28
4/2/2011,16.64,16.74,15.89,15.93
3/2/2011,17.53,17.8,16.61,16.69
2/2/2011,17.82,17.84,17.28,17.3
1/2/2011,18.59,18.63,17.4,17.63
31/1/2011,19.61,19.96,18.93,19.53
28/1/2011,15.94,20.08,15.92,20.04
27/1/2011,16.84,16.89,16.13,16.15
26/1/2011,17,17.42,16.59,16.64
25/1/2011,18.22,18.55,17.59,17.59
24/1/2011,18.78,18.93,17.56,17.65
21/1/2011,17.03,18.61,16.6,18.47
20/1/2011,17.81,18.85,17.65,17.99
19/1/2011,15.89,17.67,15.86,17.31
18/1/2011,16.19,16.2,15.71,15.87
14/1/2011,16.67,16.71,15.37,15.46
13/1/2011,16.51,16.78,16.14,16.39
12/1/2011,16.26,16.5,16.17,16.24
11/1/2011,16.61,17.35,16.6,16.89
10/1/2011,18.35,18.63,17.54,17.54
7/1/2011,17.31,18.07,16.57,17.14
6/1/2011,16.8,17.56,16.79,17.4
5/1/2011,17.81,17.95,16.86,17.02
4/1/2011,17.34,18.24,17.33,17.38
3/1/2011,17.94,17.95,17.29,17.61
31/12/2010,17.91,18.13,17.75,17.75
30/12/2010,17.65,17.89,17.46,17.52
29/12/2010,17.49,17.49,17.02,17.28
28/12/2010,17.3,17.99,17.3,17.52
27/12/2010,18.26,18.32,17.66,17.67
23/12/2010,15.44,16.86,15.4,16.47
22/12/2010,16.52,16.56,15.45,15.45
21/12/2010,16.2,16.62,16.08,16.49
20/12/2010,16.22,16.86,15.78,16.41
17/12/2010,17.62,17.64,15.54,16.11
16/12/2010,18.03,18.27,17.22,17.39
15/12/2010,17.99,18.14,17.37,17.94
14/12/2010,17.6,17.95,17.22,17.61
13/12/2010,16.82,17.67,16.68,17.55
10/12/2010,17.06,17.63,17.06,17.61
9/12/2010,17.32,17.84,17.24,17.25
8/12/2010,17.97,18.32,17.69,17.74
7/12/2010,17.13,18.15,17.13,17.99
6/12/2010,18.8,18.85,17.95,18.02
3/12/2010,19.26,19.28,17.71,18.01
2/12/2010,21.13,21.13,19.1,19.39
1/12/2010,21.19,21.43,20.4,21.36
30/11/2010,23.27,23.79,22.42,23.54
29/11/2010,23.15,23.84,21.38,21.53
26/11/2010,21.17,22.22,20.28,22.22
24/11/2010,19.42,19.61,18.73,19.56
23/11/2010,20.25,21.45,20.24,20.63
22/11/2010,19.45,20.14,18.35,18.37
19/11/2010,19.15,19.72,17.76,18.04
18/11/2010,20.31,20.31,18.75,18.75
17/11/2010,22.19,22.21,21.22,21.76
16/11/2010,21.26,23.07,20.95,22.58
15/11/2010,20.33,20.37,19.14,20.2
12/11/2010,19.59,21.23,19.29,20.61
11/11/2010,19.44,19.75,18.48,18.64
10/11/2010,18.94,19.96,18.41,18.47
9/11/2010,18.51,19.39,17.83,19.08
8/11/2010,19.33,19.35,18.21,18.29
5/11/2010,18.07,18.44,17.92,18.26
4/11/2010,18.03,18.8,17.97,18.52
3/11/2010,21.66,22.02,19.54,19.56
2/11/2010,21.34,21.82,21.22,21.57
1/11/2010,21.65,22.54,20.92,21.83
29/10/2010,21.2,21.4,20.86,21.2
28/10/2010,20.28,21.41,20.18,20.88
27/10/2010,21.11,22.37,20.69,20.71
26/10/2010,20.52,21.01,20.22,20.22
25/10/2010,19.22,19.88,18.86,19.85
22/10/2010,19.36,19.36,18.76,18.78
21/10/2010,19.7,20.53,18.93,19.27
20/10/2010,21.2,21.2,19.67,19.79
19/10/2010,20.7,21.35,19.33,20.63
18/10/2010,20.43,20.71,18.88,19.09
15/10/2010,20.2,21.59,19.02,19.03
14/10/2010,19.59,21.02,19.4,19.88
13/10/2010,17.92,19.16,17.9,19.07
12/10/2010,20,20.1,18.55,18.93
11/10/2010,19.33,19.51,18.8,18.96
8/10/2010,21.58,21.64,20.29,20.71
7/10/2010,21.31,22.16,21.28,21.56
6/10/2010,21.82,22.13,21.46,21.49
5/10/2010,22.52,23.08,21.71,21.76
4/10/2010,23.63,24.34,23.3,23.53
1/10/2010,22.9,23.67,22.46,22.5
30/9/2010,22.85,24.52,22.39,23.7
29/9/2010,23.14,23.45,22.72,23.25
28/9/2010,22.92,24.28,22.4,22.6
27/9/2010,22.58,22.75,21.97,22.54
24/9/2010,22.61,22.61,21.71,21.71
23/9/2010,23.91,24.06,22.56,23.87
22/9/2010,22.56,23.19,21.91,22.51
21/9/2010,21.54,22.59,21.42,22.35
20/9/2010,22.47,22.58,21.25,21.5
17/9/2010,21.65,22.56,21.63,22.01
16/9/2010,22.65,22.83,21.71,21.72
15/9/2010,22.55,22.8,22.1,22.1
14/9/2010,21.69,21.97,20.85,21.56
13/9/2010,21.06,22.05,20.93,21.21
10/9/2010,22.64,22.87,21.76,21.99
9/9/2010,22.22,23.24,22.14,22.81
8/9/2010,23.51,23.56,22.92,23.25
7/9/2010,22.77,23.94,22.77,23.8
3/9/2010,21.99,22.78,21.24,21.31
2/9/2010,24.23,24.31,23.15,23.19
1/9/2010,25.13,25.13,23.86,23.89
31/8/2010,27.58,27.83,25.93,26.05
30/8/2010,25.88,27.21,25.41,27.21
27/8/2010,26.5,28.11,24.41,24.45
26/8/2010,26.45,27.55,25.86,27.37
25/8/2010,28.3,28.92,26.46,26.7
24/8/2010,27.91,28.77,26.32,27.46
23/8/2010,25.97,25.97,24.62,25.66
20/8/2010,26.73,27,25.49,25.49
19/8/2010,24.48,26.78,24.26,26.44
18/8/2010,24.3,25.23,23.4,24.59
17/8/2010,24.72,24.89,23.71,24.33
16/8/2010,27.41,28.1,25.38,26.1
13/8/2010,26.08,26.26,25.45,26.24
12/8/2010,27.21,27.21,25.18,25.73
11/8/2010,24.96,26.1,24.96,25.39
10/8/2010,23.3,24.11,22.17,22.37
9/8/2010,21.85,22.81,21.85,22.14
6/8/2010,23.34,23.89,21.72,21.74
5/8/2010,23.04,23.13,22.07,22.1
4/8/2010,22.69,23.08,22.16,22.21
3/8/2010,22.44,23.06,21.98,22.63
2/8/2010,23.07,23.24,21.74,22.01
30/7/2010,25.47,26.34,23.35,23.5
29/7/2010,23.4,25.54,23.04,24.13
28/7/2010,23.93,24.54,23.14,24.25
27/7/2010,21.89,23.57,21.86,23.19
26/7/2010,24.37,24.61,22.7,22.73
23/7/2010,24.79,25.17,23.32,23.47
22/7/2010,24.37,24.85,23.72,24.63
21/7/2010,23.61,26.63,23.59,25.64
20/7/2010,27.35,27.4,23.79,23.93
19/7/2010,27.02,27.3,25.12,25.97
16/7/2010,25.77,28.16,25.71,26.25
15/7/2010,25.08,27.24,24.74,25.14
14/7/2010,24.61,25.8,24.18,24.89
13/7/2010,23.29,24.57,23.12,24.56
12/7/2010,24.66,25.14,23.53,24.43
9/7/2010,25.35,25.67,24.77,24.98
8/7/2010,26.5,27.42,25.71,25.71
7/7/2010,29.56,29.56,26.84,26.84
6/7/2010,28.82,31.15,27.96,29.65
2/7/2010,31.71,31.88,29.35,30.12
1/7/2010,34.41,37.58,32.72,32.86
30/6/2010,33.95,34.63,31.74,34.54
29/6/2010,31.22,35.39,31.22,34.13
28/6/2010,29.2,29.9,28.47,29
25/6/2010,29.64,30.41,28.07,28.53
24/6/2010,27.61,30.27,27.53,29.74
23/6/2010,26.93,28.55,26.54,26.91
22/6/2010,25.14,27.05,24.41,27.05
21/6/2010,22.9,25.64,22.87,24.88
18/6/2010,24.87,24.88,23.3,23.95
17/6/2010,25.59,26.64,25.05,25.05
16/6/2010,26.72,26.72,25.34,25.92
15/6/2010,27.68,27.84,25.68,25.87
14/6/2010,27.94,28.72,26.98,28.58
11/6/2010,31.79,31.79,28.6,28.79
10/6/2010,31,31.77,29.69,30.57
9/6/2010,32.33,34.12,30.23,33.73
8/6/2010,36.53,37.38,33.36,33.7
7/6/2010,35.66,36.8,34.43,36.57
4/6/2010,32.93,36.12,31.81,35.48
3/6/2010,29.65,31.2,29.12,29.46
2/6/2010,34.39,34.57,29.94,30.17
1/6/2010,34.87,35.68,31.82,35.54
28/5/2010,30.23,33.3,29.53,32.07
27/5/2010,30.24,31.03,29.54,29.68
26/5/2010,32.54,35.02,29.39,35.02
25/5/2010,43.15,43.74,34.59,34.61
24/5/2010,41.74,41.74,35.57,38.32
21/5/2010,47.66,48.2,38.95,40.1
20/5/2010,41.79,46.37,40.3,45.79
19/5/2010,34.65,38.42,33.07,35.32
18/5/2010,28.67,34.17,28.09,33.55
17/5/2010,31.33,35.25,30.76,30.84
14/5/2010,28.4,33.24,28.4,31.24
13/5/2010,26.17,26.85,24.3,26.68
12/5/2010,26.56,26.67,24.98,25.52
11/5/2010,31.04,31.04,25.86,28.32
10/5/2010,28.65,30.6,25.68,28.84
7/5/2010,32.76,42.15,31.71,40.95
6/5/2010,25.88,40.71,24.43,32.8
5/5/2010,25.96,27.23,23.75,24.91
4/5/2010,22.46,25.7,22.46,23.84
3/5/2010,22.41,22.41,19.61,20.19
30/4/2010,18.75,22.39,18.41,22.05
29/4/2010,20.37,20.37,18.44,18.44
28/4/2010,22.08,23.03,20.86,21.08
27/4/2010,18.13,23.2,17.94,22.81
26/4/2010,17.52,17.53,17.07,17.47
23/4/2010,16.62,16.71,16.12,16.62
22/4/2010,17.48,18.19,16.2,16.47
21/4/2010,15.94,16.85,15.5,16.32
20/4/2010,16.84,16.89,15.73,15.73
19/4/2010,19.14,19.55,17.34,17.34
16/4/2010,16.19,19.7,16.11,18.36
15/4/2010,15.87,16.25,15.68,15.89
14/4/2010,15.8,16.2,15.55,15.59
13/4/2010,15.98,16.77,15.81,16.2
12/4/2010,15.67,16,15.23,15.58
9/4/2010,16.32,16.65,16.06,16.14
8/4/2010,17.21,17.8,16.3,16.48
7/4/2010,16.72,17.21,16.16,16.62
6/4/2010,17.39,17.54,16.08,16.23
5/4/2010,17.96,18.16,17.02,17.02
1/4/2010,17.01,18.09,16.79,17.47
31/3/2010,17.66,17.92,17.29,17.59
30/3/2010,17.64,18.08,17.13,17.13
29/3/2010,18.17,18.28,17.57,17.59
26/3/2010,18.27,18.69,17.35,17.77
25/3/2010,17.07,18.54,16.62,18.4
24/3/2010,16.85,17.92,16.83,17.55
23/3/2010,16.84,17.09,16.21,16.35
22/3/2010,18.3,18.34,16.77,16.87
19/3/2010,16.17,17.57,16.17,16.97
18/3/2010,16.96,16.99,16.31,16.62
17/3/2010,16.97,17.17,16.52,16.91
16/3/2010,17.78,18.01,17.42,17.69
15/3/2010,18.28,18.78,17.96,18
12/3/2010,17.97,18.53,17.58,17.58
11/3/2010,18.9,19.34,18.06,18.06
10/3/2010,18,18.6,17.43,18.57
9/3/2010,18.18,18.19,17.51,17.92
8/3/2010,17.95,17.96,17.56,17.79
5/3/2010,18.06,18.15,17.23,17.42
4/3/2010,18.86,19.27,18.58,18.72
3/3/2010,18.95,19.3,18.42,18.83
2/3/2010,18.83,19.36,18.6,19.06
1/3/2010,19.93,19.94,19.18,19.26
26/2/2010,19.88,20.53,19.32,19.5
25/2/2010,22.03,22.68,20.06,20.1
24/2/2010,21.23,21.58,20.22,20.27
23/2/2010,20.39,21.94,20.06,21.37
22/2/2010,20.16,21,19.59,19.94
19/2/2010,21.07,21.14,19.71,20.02
18/2/2010,21.72,22.21,20.6,20.63
17/2/2010,22.25,22.6,21.7,21.72
16/2/2010,23.51,23.57,22.13,22.25
12/2/2010,23.96,25.54,22.73,22.73
11/2/2010,25.82,26.11,23.87,23.96
10/2/2010,26.36,26.77,24.8,25.4
9/2/2010,26.51,26.56,24.78,26
8/2/2010,26.11,27.11,25.48,26.51
5/2/2010,25.69,29.22,25.37,26.11
4/2/2010,22.63,26.32,22.63,26.08
3/2/2010,22.11,22.11,21.33,21.6
2/2/2010,22.59,22.99,21.08,21.48
1/2/2010,24.33,24.33,22.58,22.59
29/1/2010,23.73,25.03,22.11,24.62
28/1/2010,22.79,25.3,22.69,23.73
27/1/2010,24.81,25.69,23.14,23.14
26/1/2010,26.03,26.22,22.77,24.55
25/1/2010,27.32,27.32,24.61,25.41
22/1/2010,22.27,28.01,22.27,27.31
21/1/2010,18.59,22.3,18.27,22.27
20/1/2010,18.51,19.69,18.44,18.68
19/1/2010,18.63,18.85,17.33,17.58
15/1/2010,17.63,19.02,17.63,17.91
14/1/2010,18.16,18.27,17.38,17.63
13/1/2010,17.94,18.72,17.56,17.85
12/1/2010,17.95,19.46,17.95,18.25
11/1/2010,16.93,17.74,16.86,17.55
8/1/2010,19.27,19.27,18.11,18.13
7/1/2010,19.68,19.71,18.7,19.06
6/1/2010,19.59,19.68,18.77,19.16
5/1/2010,20.05,20.13,19.34,19.35
4/1/2010,21.68,21.68,20.03,20.04
31/12/2009,19.96,21.83,19.89,21.68
30/12/2009,20.36,20.44,19.93,19.96
29/12/2009,19.87,20.12,19.62,20.01
28/12/2009,20.29,20.53,19.9,19.93
24/12/2009,19.67,19.67,19.25,19.47
23/12/2009,19.54,19.97,19.35,19.71
22/12/2009,20.39,20.4,19.54,19.54
21/12/2009,21.46,21.51,20.28,20.49
18/12/2009,21.84,23.02,21.68,21.68
17/12/2009,21.89,22.86,21.4,22.51
16/12/2009,21.5,21.5,20.46,20.54
15/12/2009,21.09,21.87,20.91,21.49
14/12/2009,21.59,21.59,20.57,21.15
11/12/2009,21.45,22.31,21.39,21.59
10/12/2009,22.66,22.66,21.77,22.32