MOVIE,TICKER,Trailer Date,Like,Dislike,Views,Comments,Polarity,Subjectivity,Polarity_Std,Subjectivity_Std,Previous_month_price_variation,Average Volume,Volatility,Period_price_Variation
Bridesmaids  Trailer_comments.csv,CMCSA,"[datetime.datetime(2011, 2, 2, 19, 4, 11)]",5791,413,4011761,559,0.12916666666666668,0.540763888888889,0.4404153077208532,0.3690271229913173,0.03129208886122461,30927736.363636363,0.18566249694152767,0.13700976048966482
Jason Bourne ,CMCSA,"[datetime.datetime(2016, 4, 21, 4, 32, 26)]",35171,1051,11364926,3046,0.11236947211269278,0.3203280086266713,0.3243441366661257,0.3515119444109421,0.02241657458207103,17566090.90909091,0.42363286476985834,0.03528826128903361
Jurassic World Fallen Kingdom  Official Trailer HD_comments.csv,CMCSA,"[datetime.datetime(2017, 12, 8, 1, 44, 25)]",633307,34431,63567542,70032,0.05818105582795034,0.3431620381371835,0.3271147648586887,0.349418174189893,0.04805303132223632,26129145.454545453,1.2160002826316891,0.11525295851977073
Snow White and the Huntsman Official Movie Trailer _comments.csv,CMCSA,"[datetime.datetime(2012, 3, 19, 15, 51, 41)]",6487,440,1993484,388,0.11675015917436626,0.42624200426439235,0.3980130325818511,0.32509389796319693,0.02717610027047437,27232040.0,0.15793298878754983,0.0191804885419274
Battleship ,CMCSA,"[datetime.datetime(2011, 12, 9, 18, 37, 21)]",10507,800,5305292,3693,0.08834276993850307,0.3636555439193593,0.3419870680176952,0.3509789406783712,0.04951419227132593,36267872.72727273,0.3667137907537761,0.15986715728815085
Pitch Perfect 2 ,CMCSA,"[datetime.datetime(2015, 2, 11, 16, 17, 44)]",8867,413,2515757,507,0.20694601755068912,0.2892691492181288,0.36040843235695036,0.3852484283833372,0.028662708184975832,32078245.454545453,0.6090851230152019,0.04933202910958018
Fifty Shades Of Grey  Official Trailer_comments.csv,CMCSA,"[datetime.datetime(2014, 7, 24, 12, 18, 52)]",251716,36522,93992209,33926,0.10023994615488536,0.44889473232060323,0.3475612995218012,0.3450662088389449,0.05167417808915114,25687327.272727273,0.3323031833601278,0.03233719944393656
Fast Five  Teaser Trailer_comments.csv,CMCSA,"[datetime.datetime(2010, 12, 14, 21, 13, 4)]",5926,180,3935273,2055,0.11147383523420343,0.4133993998748614,0.37110058304814164,0.34614140146834826,0.06799401422978116,32915800.0,0.228485698208256,0.10313134592506053
Ted ,CMCSA,"[datetime.datetime(2012, 4, 5, 16, 30, 9)]",46591,2692,22008485,6529,0.1351516857305898,0.3987510977019288,0.3559134631545652,0.38493050776360077,0.02771235134831922,23510443.47826087,0.15783553255198401,0.023425911506244783
Sing ,CMCSA,"[datetime.datetime(2016, 5, 24, 1, 5, 7)]",42495,2508,9189018,4676,0.11385614871494626,0.33973881866672373,0.33303804044757485,0.35869378006496355,0.023606566195672606,21622809.09090909,0.3330936664160241,0.010383302082332273
Fast Furious 7 ,CMCSA,"[datetime.datetime(2014, 11, 1, 19, 55, 33)]",337280,10300,71162224,21535,0.1163036749809846,0.36452356041254264,0.3760699798240852,0.3798207042770724,0.04750178047366386,42822745.45454545,0.7880060914297815,0.07517971501840014
Les miserables ,CMCSA,"[datetime.datetime(2012, 6, 1, 21, 53, 6)]",23097,871,7881838,4561,0.21012955738258157,0.4155943071265652,0.36473026074048415,0.3878949254833209,-0.05884300255311762,26900936.363636363,0.2726367364154911,0.06944026956777333
the great wall ,CMCSA,"[datetime.datetime(2016, 10, 8, 17, 0, 6)]",28402,5157,10328740,6739,0.06566745385850034,0.30781033969082217,0.3101588513646891,0.3490422756009772,-0.007979869667434202,17869500.0,0.32955651947083714,-0.05116684085230111
Dr Seuss The Lorax 2012 EXCLUSIVE Trailer _comments.csv,CMCSA,"[datetime.datetime(2011, 10, 27, 17, 56, 20)]",14366,1432,7186658,2888,0.15989376911265313,0.4894497867743294,0.3817737698796806,0.354080427787605,0.1071896320162664,38363669.56521739,0.6407380563982416,-0.05070787114817106
Jurrasic World ,CMCSA,"[datetime.datetime(2014, 11, 25, 17, 0, 1)]",333406,17255,88683358,49240,0.08803362216310116,0.420154541738354,0.33377762501301894,0.33810365140120535,0.04754870447114473,36789209.09090909,0.41905400325185366,0.0763278597929502
The Secret Life Of Pets 2  Official Trailer_comments.csv,CMCSA,"[datetime.datetime(2019, 4, 11, 7, 0, 57)]",30723,2700,25439833,1258,0.13025459860201064,0.32396073604961434,0.30036877375064186,0.34737953669502614,0.04469288043676052,18827182.608695652,0.5376997824152466,0.09360113473285384
Fast  Furious 8 ,CMCSA,"[datetime.datetime(2016, 12, 12, 1, 20, 29)]",88048,6960,24292508,4956,0.033231831943188885,0.369224406273195,0.3448979199699887,0.35899391665304003,0.025869656812724618,21835930.0,0.4116213954427527,0.0634655097540336
Fifty shades darker ,CMCSA,"[datetime.datetime(2016, 12, 7, 16, 0, 8)]",102646,3823,26558837,4801,0.08210245237718333,0.34390623732576897,0.33494569838517424,0.351291239144405,0.12713376598207385,25254890.90909091,1.1883018270208474,0.13053274823899924
The Secret Life Of Pets  Official Teaser Trailer HD  Illumination_comments.csv,CMCSA,"[datetime.datetime(2015, 6, 17, 14, 56)]",15155,546,4574627,2039,0.18284518563691676,0.4291900136568969,0.3744065010301246,0.3674149612226816,0.046515662234334475,26652645.454545453,0.3532127758170957,0.12505461616667282
Lucy  Trailer_comments.csv,CMCSA,"[datetime.datetime(2014, 4, 3, 14, 57, 1)]",82834,3555,27371980,15583,0.09563347431671962,0.42170924254844444,0.3571038043637525,0.36987599546079636,-0.00013366516763122088,30949113.04347826,0.4045377692618964,0.017998562810531183
Fast  Furious 6 ,CMCSA,"[datetime.datetime(2013, 2, 5, 16, 59, 7)]",119520,8236,37063119,5109,0.10625258271109968,0.40230394634119676,0.37928803015556856,0.347638243376368,0.0353568024343893,25243695.23809524,0.35310616715976834,0.08004161788203844
Minions  Official Trailer HD  Illumination_comments.csv,CMCSA,"[datetime.datetime(2014, 11, 4, 1, 35, 1)]",1485028,71119,71622158,173893,0.18899313406453352,0.38157058004631383,0.3503621815921407,0.39136450849971915,0.023225287107733972,42173854.54545455,0.8536608576170378,0.05354866403964032
Detective Pikachu ,TWX,"[datetime.datetime(2018, 11, 12, 17, 0)]",4629,135,1432087,462,0.10850180759388636,0.3305872136922244,0.30868644200286366,0.38121783420821703,0.0,0.0,1.0,0.0
Sherlock Holmes A Game of Shadows ,TWX,"[datetime.datetime(2011, 7, 13, 16, 58, 50)]",109337,5571,30893464,12893,0.20509305555555554,0.43366666666666664,0.38802030120342756,0.4140413482917354,0.0,0.0,1.0,0.0
Mad Max Fury Road ,TWX,"[datetime.datetime(2015, 3, 31, 17, 0, 4)]",4736,463,1889685,1068,0.0618563312377498,0.42412272054162437,0.36380550254317234,0.37165597594740435,0.0,0.0,1.0,0.0
Argo ,TWX,"[datetime.datetime(2012, 5, 8, 16, 47, 26)]",168911,9716,29284261,17892,0.05890151515151516,0.37878787878787884,0.44064027086102026,0.38062993659084227,0.0,0.0,1.0,0.0
BLADE RUNNER 2049  Official Trailer_comments.csv,TWX,"[datetime.datetime(2017, 5, 8, 16, 35, 21)]",417350,27522,36299354,64435,0.09981277844206954,0.3637710812553182,0.3268082262919042,0.34634526962980106,0.0,0.0,1.0,0.0
Justice League ,TWX,"[datetime.datetime(2017, 3, 25, 15, 0, 1)]",67134,3002,20865771,22175,0.09324851772934871,0.3912110796978116,0.34879983759658806,0.34230141842808137,0.0,0.0,1.0,0.0
Pacific Rim ,TWX,"[datetime.datetime(2013, 5, 16, 17, 0, 4)]",35652,1173,10947384,4099,0.08612963529946449,0.3852993716805139,0.3175531039826173,0.3486111883051657,0.0,0.0,1.0,0.0
Fantastic Beasts The Crimes of Grindelwald  Official Teaser Trailer_comments.csv,TWX,"[datetime.datetime(2018, 3, 13, 16, 0, 30)]",62448,1658,14375068,14935,0.11436681029372751,0.30836508261120493,0.30606415124975345,0.35967803320702113,0.0,0.0,1.0,0.0
The Accountant ,TWX,"[datetime.datetime(2016, 5, 13, 0, 1, 57)]",128324,4852,19377498,9202,0.14768400147549887,0.32232555397691653,0.33482130495764784,0.3626358441650678,0.0,0.0,1.0,0.0
The Hobbit The Desolation of Smaug ,TWX,"[datetime.datetime(2013, 6, 11, 17, 13, 19)]",6294,157,907010,759,0.15135971268017176,0.40132643024524167,0.36649319133448527,0.3626629031515741,0.0,0.0,1.0,0.0
Creed 2 ,TWX,"[datetime.datetime(2018, 6, 20, 12, 45, 12)]",156493,2892,16761912,12773,0.08228256548292413,0.222080228392595,0.2764173554582131,0.31760185271789476,0.0,0.0,1.0,0.0
Her ,TWX,"[datetime.datetime(2013, 8, 7, 16, 31, 58)]",19639,572,5974353,3518,0.11943685340340121,0.3937313935132727,0.3339349933112671,0.3568196058581965,0.0,0.0,1.0,0.0
Fantastic Beasts and Where to Find Them  Teaser Trailer HD_comments.csv,TWX,"[datetime.datetime(2016, 4, 11, 2, 0, 18)]",269710,14571,30767539,45036,0.1118665384280771,0.3195375463768487,0.31650912235601053,0.3601146244126691,0.0,0.0,1.0,0.0
The Hobbit An Unexpected Journey ,TWX,"[datetime.datetime(2012, 9, 19, 14, 59, 8)]",17291,1098,1292881,1894,0.1375911044338654,0.4091729725010782,0.3199893934024986,0.3334406921697648,0.0,0.0,1.0,0.0
Ready Player One ,TWX,"[datetime.datetime(2017, 12, 10, 18, 0, 17)]",17016,2617,6460523,1196,0.06659088736702459,0.32782612554798185,0.30999082375540704,0.3676967156950732,0.0,0.0,1.0,0.0
Nancy Drew and the Hidden Staircase ,TWX,"[datetime.datetime(2019, 1, 19, 23, 12, 9)]",101022,2826,22575675,12668,0.1238077472755481,0.31266205108494827,0.296533032201358,0.33928037475545936,0.0,0.0,1.0,0.0
LIFE OF THE PARTY  Official Trailer 1_comments.csv,TWX,"[datetime.datetime(2018, 2, 5, 23, 30, 51)]",82532,1806,15175291,6511,0.11310404246947879,0.39202706913664553,0.31149899441402396,0.3636631452878683,0.0,0.0,1.0,0.0
The Hobbit The Battle of the Five Armies ,TWX,"[datetime.datetime(2014, 11, 6, 18, 0)]",14582,1203,9115894,5407,0.1192519037952502,0.38096742852677046,0.3571901773822738,0.36698340842494626,0.0,0.0,1.0,0.0
The Mule ,TWX,"[datetime.datetime(2018, 10, 4, 16, 1, 3)]",59354,2321,6110260,5486,0.14525362281508275,0.3663971199128423,0.3579298638392988,0.34384689434276805,0.0,0.0,1.0,0.0
Contagion ,TWX,"[datetime.datetime(2011, 7, 14, 1, 2, 51)]",217373,14740,37826618,22416,0.07372495090294393,0.3768742360631229,0.30776688066610663,0.30634833988439525,0.0,0.0,1.0,0.0
The Lego Movie 2 The Second Part ,TWX,"[datetime.datetime(2018, 11, 20, 15, 58, 34)]",64394,2215,7006109,5268,0.1308522700609179,0.3334470295223316,0.35219868917965264,0.3724839482662082,0.0,0.0,1.0,0.0
It ,TWX,"[datetime.datetime(2017, 7, 27, 16, 0, 2)]",132875,64708,19374446,37973,0.036395983583325825,0.3463604872687687,0.32075212411618836,0.35754279194401983,0.0,0.0,1.0,0.0
Harry Potter and the Deathly Hallows  Part 2 ,TWX,"[datetime.datetime(2011, 6, 16, 19, 5, 51)]",31030,2378,9204783,3326,0.1182329388813583,0.4062177978889677,0.37535340125801736,0.36597964233878527,0.0,0.0,1.0,0.0
The LEGO Batman Movie  Batcave Teaser Trailer_comments.csv,TWX,"[datetime.datetime(2016, 3, 24, 13, 0, 38)]",11352,298,1780258,597,0.1553201730000306,0.358767864768027,0.34290200139368054,0.3435018578486996,0.0,0.0,1.0,0.0
Oceans 8 ,TWX,"[datetime.datetime(2017, 12, 19, 12, 0, 2)]",97672,946,5148822,8746,0.06363813363931588,0.3839501062258732,0.31771169508682257,0.32841712052783334,0.0,0.0,1.0,0.0
King Arthur Legend of the Sword ,TWX,"[datetime.datetime(2017, 2, 20, 18, 0, 3)]",43283,5032,20828423,7440,0.0838485357038167,0.34482609621931326,0.33727532779742314,0.3488329067427325,0.0,0.0,1.0,0.0
Dark Shadows ,TWX,"[datetime.datetime(2012, 3, 16, 17, 28, 3)]",5007,473,3215180,2231,0.20565724206349204,0.5505294486215538,0.4316971950140324,0.34938270972984703,0.0,0.0,1.0,0.0
The Nun ,TWX,"[datetime.datetime(2018, 6, 13, 12, 11, 50)]",278948,13250,45311827,26120,0.049852490064580236,0.32474150758167153,0.3153730461327697,0.3606541457745097,0.0,0.0,1.0,0.0
They Shall Not Grow Old ,TWX,"[datetime.datetime(2018, 11, 20, 16, 59, 5)]",87335,3161,21587423,21584,0.15527808938083326,0.38188494594191147,0.31609840693952806,0.366432836470832,0.0,0.0,1.0,0.0
American Sniper ,TWX,"[datetime.datetime(2014, 10, 3, 23, 55, 29)]",7919,477,4009783,1520,0.1294983548141523,0.4216053980190885,0.3561478461341624,0.3656302831312677,0.0,0.0,1.0,0.0
Green Lantern ,TWX,"[datetime.datetime(2010, 11, 18, 17, 32, 50)]",41738,4125,17463215,12042,0.2106080262330262,0.5407032088282088,0.43489560885429235,0.27921679632090174,0.0,0.0,1.0,0.0
The Meg ,TWX,"[datetime.datetime(2018, 4, 10, 3, 55, 4)]",125152,3484,25462879,10353,0.043645687241723644,0.35078999441876535,0.30805184951514875,0.3576218534256801,0.0,0.0,1.0,0.0
Cloud Atlas ,TWX,"[datetime.datetime(2012, 7, 27, 7, 0, 33)]",180635,9408,25611094,16590,0.1303822512042535,0.41496356964000386,0.33368271833148294,0.3523434769413694,0.0,0.0,1.0,0.0
Bullet to the Head ,TWX,"[datetime.datetime(2012, 8, 17, 18, 31, 21)]",33172,1329,3889219,1841,0.017442604323890252,0.32407052185787816,0.33471364745261256,0.3404293048604647,0.0,0.0,1.0,0.0
Gravity ,TWX,"[datetime.datetime(2013, 9, 4, 23, 30, 25)]",106986,3217,9732830,8847,0.04929297387213273,0.42799257420362263,0.34484124668714883,0.33234612477903197,0.0,0.0,1.0,0.0
Creed ,TWX,"[datetime.datetime(2015, 6, 30, 23, 30, 19)]",217127,6076,31568799,20125,0.15486010856029783,0.3498599566702189,0.3452209631893663,0.3486193337209216,0.0,0.0,1.0,0.0
Crazy Rich Asians ,TWX,"[datetime.datetime(2018, 4, 23, 16, 0, 13)]",39547,177,372724,1465,0.08809466794161654,0.35419311945771365,0.2910114191869042,0.33211875993059664,0.0,0.0,1.0,0.0
ISNT IT ROMANTIC  Official Trailer_comments.csv,TWX,"[datetime.datetime(2018, 10, 31, 19, 48, 39)]",319322,14040,42446051,25886,0.1203000678363024,0.3386781788685596,0.29079808668928525,0.361600855932154,0.0,0.0,1.0,0.0
The Sun Is Also a Star ,TWX,"[datetime.datetime(2019, 2, 6, 16, 0, 13)]",24842,1250,8992484,1351,0.14907734765171557,0.4046563917254802,0.3213041314275315,0.35244732618061814,0.0,0.0,1.0,0.0
Isnt it Romantic ,TWX,"[datetime.datetime(2018, 10, 31, 19, 0, 11)]",113642,23630,20412001,23083,0.14283614597744151,0.3412980243317511,0.30806985647570245,0.37424980042290545,0.0,0.0,1.0,0.0
A STAR IS BORN  Official Trailer 1_comments.csv,TWX,"[datetime.datetime(2018, 6, 6, 16, 0, 23)]",257135,18907,45029010,29107,0.15845191193910835,0.3145309225272784,0.3392452259931258,0.3686783785731063,0.0,0.0,1.0,0.0
White Snake ,TWX,"[datetime.datetime(2019, 11, 1, 16, 22, 25)]",56078,2430,6980485,5365,0.1954722268891876,0.4183617084826763,0.20243283226040254,0.36304381199056773,0.0,0.0,1.0,0.0
THE NUN  Official Teaser Trailer HD_comments.csv,TWX,"[datetime.datetime(2018, 6, 13, 12, 0, 24)]",109509,7108,33082147,13783,0.04256095518973838,0.3224166122186529,0.3126653413008783,0.37264230960772177,0.0,0.0,1.0,0.0
The Intern ,TWX,"[datetime.datetime(2015, 5, 13, 23, 30, 5)]",64055,4467,29126777,13138,0.20077885194481832,0.40282048172804474,0.3582751416947274,0.35733454539806886,0.0,0.0,1.0,0.0
Tomb Raider ,TWX,"[datetime.datetime(2017, 9, 20, 4, 56, 28)]",26935,1413,14767580,7851,0.027026502995455753,0.39659923808952907,0.3342064674354837,0.32524786427440855,0.0,0.0,1.0,0.0
Rampage ,TWX,"[datetime.datetime(2017, 11, 16, 21, 15, 8)]",12106,1045,5043918,695,0.016364367296821752,0.36298401445035944,0.3037523392970362,0.35403823571811543,0.0,0.0,1.0,0.0
Mowgli Legend of the Jungle ,TWX,"[datetime.datetime(2018, 11, 8, 6, 0, 49)]",41554,2307,14772509,8767,0.09362365784188491,0.3524856667233004,0.32662907233698346,0.34361524601019805,0.0,0.0,1.0,0.0
The Lego Movie ,TWX,"[datetime.datetime(2013, 10, 31, 17, 0, 29)]",649916,37758,60265517,93770,0.17090188653541122,0.38618791228888644,0.37086264388397006,0.36889721035014705,0.0,0.0,1.0,0.0
The Conjuring ,TWX,"[datetime.datetime(2013, 4, 2, 17, 20, 28)]",110145,2350,9314885,6352,0.1514928311489476,0.4642043252727014,0.4002671829312825,0.3776481133255069,0.0,0.0,1.0,0.0
Wrath of Titans ,TWX,"[datetime.datetime(2011, 12, 19, 19, 16, 32)]",54265,2570,17343628,18187,0.10779625828914831,0.40948017939047915,0.3522975069192261,0.3401742963289631,0.0,0.0,1.0,0.0
Paddington 2 ,TWX,"[datetime.datetime(2017, 10, 3, 7, 57, 49)]",359249,12594,28391645,75546,0.32154829545454544,0.5183633207070708,0.3921409400521031,0.389264323028138,0.0,0.0,1.0,0.0
Edge of Tomorrow ,TWX,"[datetime.datetime(2013, 12, 11, 18, 0, 37)]",48614,13847,22555360,6932,0.09164397702915322,0.3416131719945397,0.3190220889152746,0.34844268746204365,0.0,0.0,1.0,0.0
Aquaman  Official Trailer 1_comments.csv,TWX,"[datetime.datetime(2018, 7, 21, 19, 24)]",6341,280,2293182,414,0.10861682457228787,0.36111246738057107,0.3486128844021228,0.34888722125262583,0.0,0.0,1.0,0.0
Everything Everything ,TWX,"[datetime.datetime(2017, 2, 14, 18, 0, 35)]",36729,1882,14863101,4233,0.1375654887353592,0.3476577283800161,0.31297901153011326,0.3443474902224343,0.0,0.0,1.0,0.0
300 Rise of an Empire ,TWX,"[datetime.datetime(2013, 6, 12, 23, 30, 8)]",61888,1692,14444413,3441,0.0698305172573885,0.3505142909057561,0.3209414179496814,0.3405636715036868,0.0,0.0,1.0,0.0
Godzilla King of the Monsters ,TWX,"[datetime.datetime(2018, 7, 21, 18, 31, 1)]",12337,404,2006745,808,0.07127808194470502,0.3217563469944379,0.32974292817157214,0.3550493408213106,0.0,0.0,1.0,0.0
Point Break ,TWX,"[datetime.datetime(2015, 5, 26, 23, 0, 1)]",5827,256,1505625,694,0.03902967892990778,0.44114435021657644,0.33633943012790535,0.3325779061864478,0.0,0.0,1.0,0.0
American Assassin ,LGF,"[datetime.datetime(2017, 6, 20, 14, 17, 35)]",31715,1160,3876702,3340,0.29723693325595496,0.38659056925361274,0.3626845357084923,0.37510614922376884,0.018759514724514526,654085.7142857143,0.7460583205853601,0.12402517241317158
Sicario Day of the Soldado ,LGF,"[datetime.datetime(2018, 3, 20, 0, 0, 41)]",59084,1555,9684078,6821,0.10678670994131266,0.30740573925565756,0.30652197701370903,0.32064346333986493,-0.053477841988190264,920709.5238095238,0.8138258879254415,-0.10090046380588026
A Simple Favor ,LGF,"[datetime.datetime(2018, 7, 13, 12, 45)]",21013,1147,9673271,1182,0.10646510369655929,0.34998131132999555,0.31934298353621904,0.3467482581207686,0.046404278596171376,653913.6363636364,0.764062892178427,-0.050514487045095334
The Glass Castle ,LGF,"[datetime.datetime(2017, 5, 18, 22, 24, 13)]",10721,6985,3982626,3350,0.2162883773996181,0.4486628007150395,0.4095283852678772,0.38253313830787167,-0.03643405429313937,466808.6956521739,0.5290165688512657,0.03999998572404903
American Pastoral ,LGF,"[datetime.datetime(2016, 6, 23, 20, 56, 56)]",40482,3455,14485783,6096,0.141817178236166,0.48230638586956526,0.44037681669099915,0.38138379994608324,0.10294129161375604,2955740.909090909,1.0347862154934708,0.07146801249445181
All Eyez on Me ,LGF,"[datetime.datetime(2017, 4, 6, 17, 38, 43)]",31901,1373,10551721,2039,0.09374586884683112,0.31628067310377733,0.29841722228951895,0.32990166006256194,-0.04369298166111692,642969.5652173914,0.6571129141157395,-0.0570857932289727
Wonder ,LGF,"[datetime.datetime(2017, 5, 24, 12, 24, 26)]",52379,1316,9926723,2939,0.16282587519830113,0.4162140045055837,0.3576782860126757,0.37266575073663677,-0.02820710711022825,494430.4347826087,0.5286055468780303,0.04657537488703494
The Con Is On ,LGF,"[datetime.datetime(2018, 4, 11, 23, 57, 30)]",2843,331,1136347,843,0.17541666666666664,0.41875,0.3523748440992464,0.3371719084285245,-0.12474673657932218,776313.6363636364,1.3724940239740817,-0.25766616509346346
The Spy Who Dumped Me ,LGF,"[datetime.datetime(2018, 5, 10, 18, 49, 56)]",4190,179,520700,268,0.19195054640431294,0.39250376549646626,0.3527726893826811,0.3860460291723388,-0.11581374343722141,774686.9565217391,1.5265807348840326,-0.09469533803148562
A Hologram for the King ,LGF,"[datetime.datetime(2016, 3, 10, 18, 0, 1)]",20868,603,2519572,1201,0.022157378190559154,0.3790288957819309,0.34195135096979057,0.36011595720700695,0.26084686173370947,2866177.272727273,1.7310619201603479,0.04831834057363433
London Has Fallen ,LGF,"[datetime.datetime(2015, 11, 5, 18, 0, 1)]",32669,10782,11925639,10143,0.033592321890480684,0.3584462053075441,0.3431660389223861,0.34583669583232624,-0.007142943808711566,803817.3913043478,0.6653004422807939,-0.13893833368432668
The Choice ,LGF,"[datetime.datetime(2015, 10, 1, 16, 0, 56)]",13684,811,11002082,1405,0.024808986410220647,0.43340775198968473,0.39060879786141195,0.3766194489943478,0.043070183348940604,892972.7272727273,1.0794129961598837,0.07388010088914866
Now You See Me 2 ,LGF,"[datetime.datetime(2016, 3, 16, 14, 44, 56)]",13116,3960,5815239,3271,0.12607955600522072,0.34286912452093904,0.3327061163073163,0.3550056828527893,0.10708980668595576,2636268.1818181816,1.5099467029385005,0.004974963608166523
Operation Avalanche ,LGF,"[datetime.datetime(2016, 7, 21, 14, 0, 1)]",37131,1763,12616637,1677,0.006701444267233756,0.5052114855038831,0.3431721502225802,0.3599193583903394,0.016170951628122966,4300522.7272727275,0.774931424169215,0.037616509978134816
Last Flag Flying ,LGF,"[datetime.datetime(2017, 8, 24, 14, 54, 20)]",3242,271,1851742,350,0.10074620759335157,0.3758375618006766,0.37178698465071935,0.35132379188344287,-0.017270652266780265,557856.5217391305,0.7571793961179352,0.06621618939395148
Stronger ,LGF,"[datetime.datetime(2017, 6, 22, 16, 24, 9)]",2659,220,905045,313,0.1079020427578028,0.39976562977183017,0.3504570840100723,0.33941219667855943,0.04653906607312101,627268.1818181818,0.7120955545043819,0.1437015478212165
Leatherface ,LGF,"[datetime.datetime(2017, 8, 8, 19, 1, 14)]",70253,15837,25748507,22763,0.14618510662177328,0.35615753647586984,0.3421708749098887,0.2862386477657816,0.025696749024250596,471513.63636363635,0.7123044970333492,0.09669481186456054
Blair Witch ,LGF,"[datetime.datetime(2016, 7, 23, 3, 15, 2)]",37642,1732,5359281,2783,0.026395928731233427,0.424707138629869,0.3185623075982171,0.32138970987551574,-0.025479893155057446,4402409.523809524,0.8064527968357474,-0.0054187978112264406
Power Rangers ,LGF,"[datetime.datetime(2017, 1, 19, 12, 54, 26)]",82217,5575,17985894,10449,0.06354241383847294,0.39458885750135786,0.3334870922349064,0.3431719564379777,0.038816942595164106,795880.0,0.42646174925719066,0.016666658897297855
Kin ,LGF,"[datetime.datetime(2018, 4, 26, 21, 50, 16)]",34574,1275,10382755,1717,0.14487687910590874,0.3257593115035549,0.3207402878305892,0.34350706722104524,-0.016006013051603395,623109.0909090909,0.30883721443842643,-0.07105783932831977
La La Land ,LGF,"[datetime.datetime(2016, 11, 3, 14, 0)]",15875,755,8799110,1568,0.1815821781002294,0.3802435209565794,0.36249458621777775,0.3631742747239461,-0.08781193064668931,2405817.3913043477,0.8667046927685211,0.0902543995058406
Boo A Madea Halloween ,LGF,"[datetime.datetime(2016, 7, 14, 23, 30, 20)]",53679,4621,14860977,5578,0.09529946343469867,0.25294828174108996,0.29983828792534,0.37698434454002056,-0.052159534140151495,4246690.909090909,0.9711145323691904,0.0073014051014171685
Patriots Day ,LGF,"[datetime.datetime(2016, 11, 14, 14, 54, 29)]",9080,731,2888172,716,0.023116692708426576,0.3754513025430364,0.2997601623796135,0.3296486610347643,0.266415561407313,2633519.0476190476,1.6028317554671367,0.3331913670909671
Uncle Drew ,LGF,"[datetime.datetime(2018, 4, 26, 16, 11, 33)]",14165,426,1582794,974,0.08832850123015698,0.35991220384688366,0.3336816818131683,0.3698653265807292,-0.016006013051603395,623109.0909090909,0.30883721443842643,-0.07105783932831977
Acts of Violence ,LGF,"[datetime.datetime(2017, 11, 30, 15, 32, 40)]",82473,1856,18633272,6882,0.035670866489832004,0.37937665782493374,0.3537255716575831,0.3471951554242807,0.1271536630975925,672304.5454545454,2.1045459121232337,0.14319901629655626
Backtrace ,LGF,"[datetime.datetime(2018, 11, 13, 17, 19, 32)]",49140,2771,14894843,2108,0.1171109221009487,0.37299438150501985,0.2725983405528923,0.37032701121299794,-0.117647097270279,993272.7272727273,1.5943869489924474,-0.36865901557006536
Deepwater Horizon ,LGF,"[datetime.datetime(2016, 5, 26, 16, 0, 9)]",26625,2443,7071331,1111,0.1135260073759809,0.3549969740515292,0.3721436198650461,0.36864999551385236,0.051954482283726795,2459765.217391304,0.9671461100486652,0.020146474061228055
Gods of Egypt ,LGF,"[datetime.datetime(2015, 11, 17, 17, 28, 59)]",14443,1387,17261188,1257,0.02488626237470286,0.37870503210061246,0.3339145806722906,0.3337906558266211,-0.06735742050595812,1335231.8181818181,0.919821411473659,-0.2163091254760678
Middle School The Worst Years of My Life ,LGF,"[datetime.datetime(2016, 6, 16, 19, 21, 35)]",34638,1682,8506010,4806,0.0952886976484553,0.33253257442146333,0.32755774413173266,0.34163500017453613,0.06946533419024438,2656622.727272727,1.3405237894682573,0.004257860433819106
The Shack ,LGF,"[datetime.datetime(2016, 12, 1, 17, 18, 14)]",37504,1402,9289269,3773,0.07393306725217835,0.3926780848907997,0.34458107139089766,0.34601412011115373,0.12655090758775295,3086468.1818181816,1.3543189817823191,0.297095120807048
Ben Is Back ,LGF,"[datetime.datetime(2018, 10, 11, 14, 16, 51)]",13629,1171,1988334,1011,0.10176020408163265,0.3188265306122449,0.286144266573508,0.3138392942279219,-0.028997430268006514,854700.0,0.9720116028565335,-0.09767728888888898
Jigsaw ,LGF,"[datetime.datetime(2017, 7, 20, 15, 50)]",4472,1243,1361705,1206,0.041442406968878055,0.35873694485818547,0.3102673660828505,0.35158517518071264,0.10860574782583468,411104.54545454547,0.7571037175543824,0.06109976480538442
Mechanic Resurrection ,LGF,"[datetime.datetime(2016, 6, 23, 17, 22, 34)]",23108,4595,4891323,8456,0.149744203434868,0.36833951243987406,0.36465492236050184,0.3616567886472947,0.10294129161375604,2955740.909090909,1.0347862154934708,0.07146801249445181
The Commuter ,LGF,"[datetime.datetime(2017, 9, 13, 12, 58, 53)]",4123,246,2354504,358,0.02528769841269841,0.29223544973544974,0.30153360392533285,0.3113974978344584,0.099491595474171,388918.1818181818,0.9967046785670757,0.09356333213099388
Robin Hood ,LGF,"[datetime.datetime(2018, 7, 17, 15, 45, 37)]",108819,3467,21373491,12430,0.07978775436112052,0.359341251554498,0.32646254934599445,0.3262585460891276,-0.08086759674860666,575395.2380952381,0.7754706473524717,-0.1539091922972988
Early Man ,LGF,"[datetime.datetime(2017, 9, 7, 8, 0, 1)]",25829,1019,3041611,2078,0.19731151920995674,0.45452496317340063,0.3682189858680104,0.3639941992864005,0.07868737810312937,487827.2727272727,1.0156850001259239,0.1050033155679778
The Hitmans Bodyguard  ,LGF,"[datetime.datetime(2017, 4, 13, 1, 5, 38)]",6910,1002,1958307,1308,0.1387214648592258,0.3371819731942927,0.33144427423579964,0.3671586316003667,-0.01169597213861153,643721.7391304348,0.6843749815532241,0.019523602847538672
Journeys End ,LGF,"[datetime.datetime(2017, 10, 23, 13, 21, 1)]",177160,36537,28472629,11542,0.10537805203861692,0.3191885431320578,0.31207248414742794,0.34586897810968054,-0.05402811056543965,531728.5714285715,1.1470579168342208,0.05762705740770967
The Limehouse Golem ,LGF,"[datetime.datetime(2017, 6, 6, 15, 39, 26)]",26823,3978,10427726,2044,0.12152777777777778,0.1650462962962963,0.23056060018892457,0.23883200132050295,0.09233242133341009,648085.7142857143,1.0924489947123612,0.10481479816932956
Their Finest ,LGF,"[datetime.datetime(2017, 1, 30, 16, 28, 32)]",51444,2870,21059826,6926,0.13739661912619833,0.30041470218450417,0.2761797179510172,0.3494959835526123,0.05701584123001254,768731.5789473684,0.4907616928631997,-0.016336454164026532
John Wick Chapter 2 ,LGF,"[datetime.datetime(2016, 10, 8, 19, 15, 30)]",60335,3334,11816736,3746,0.06501585043158024,0.29862268554586746,0.3267052347167192,0.3457293234519031,0.03271477332701858,2466536.3636363638,0.43344694188452604,0.11184532362136075
Dirty Grandpa ,LGF,"[datetime.datetime(2015, 10, 29, 16, 15, 17)]",4927,308,2916827,1063,0.05347535384811171,0.41920524107183305,0.4126384930414816,0.36574996270398497,0.10773091262846907,839908.695652174,1.20938157179891,-0.026430675121333014
The Perfect Match ,LGF,"[datetime.datetime(2016, 1, 18, 18, 33, 20)]",29111,2004,5639521,3827,0.0556662336785939,0.4134085667419001,0.35160049053503944,0.33617325950379107,-0.1331644004741395,1278133.3333333333,1.83353710525344,-0.42584969095882663
Winchester ,LGF,"[datetime.datetime(2018, 1, 4, 18, 0, 15)]",8037,334,6137832,1327,0.09870265257149907,0.38827748845176274,0.2830164230047846,0.3582552549155465,-0.0009358611056079373,492114.28571428574,0.913984116409825,0.04602372058019341
The Divergent Series Allegiant ,LGF,"[datetime.datetime(2015, 11, 13, 22, 10, 37)]",4609,591,6957365,1125,0.06259725032659125,0.41366855192147867,0.34297688572237334,0.3539449970085924,-0.0494851431289616,1208521.7391304348,0.8603469681780728,-0.16893161229625242
The Big Sick ,LGF,"[datetime.datetime(2017, 5, 2, 17, 50, 24)]",27245,2499,6952307,4003,0.09001081367889277,0.3659341165216871,0.34069822277996437,0.3747993371262537,-0.026465037750560225,499057.14285714284,0.4553075478657777,0.06347936907605842
Acrimony ,LGF,"[datetime.datetime(2017, 10, 19, 16, 0, 8)]",44318,6292,17062412,9719,0.02999375860881543,0.43473861996589264,0.3677379898426375,0.3423415834036976,-0.059245399673296596,521656.52173913043,1.0227658631334788,0.017281596766483664
Nerve ,LGF,"[datetime.datetime(2016, 5, 11, 16, 0, 9)]",3374,332,4600949,1039,0.10899142322622504,0.3297779150228675,0.32188716027055886,0.35276937505531997,0.04572878963196821,2056960.8695652173,0.874024466581093,0.0678380335678724
I Still See You ,LGF,"[datetime.datetime(2018, 7, 18, 19, 38, 2)]",52136,7022,15457874,3564,0.05192656524365863,0.3321738407509492,0.34229999292836355,0.35378835826965205,-0.10377074450112805,587022.7272727273,0.8495355335031629,-0.14707016037022438
Air Strike ,LGF,"[datetime.datetime(2018, 8, 29, 2, 52, 59)]",19121,1444,4723063,1740,-0.032180858059764304,0.42109863516113516,0.40131286051336074,0.349222011276468,0.02624794199721279,558217.3913043478,0.45931429486007763,0.054027588295475625
Trespass Against Us ,LGF,"[datetime.datetime(2016, 9, 22, 15, 0, 3)]",306422,7642,35531508,24017,0.08015060240963855,0.3230923694779117,0.31100752395335185,0.34907707220532125,-0.02553393136688511,2224145.4545454546,0.40196758355084794,-0.08840592305175732
My Little Pony The Movie ,LGF,"[datetime.datetime(2017, 6, 28, 23, 55, 33)]",21212,3145,4434661,2752,0.10866553751039236,0.39507584964786163,0.33636909592456277,0.3504369766618396,0.055025577461712515,548386.3636363636,0.6032780848160832,0.09062168445394438
The Sense of an Ending ,LGF,"[datetime.datetime(2016, 12, 13, 18, 57, 7)]",4475,184,1390100,443,0.14928456959706962,0.45173992673992674,0.39116588065743085,0.3987327026771152,0.12494680171913979,3081747.619047619,1.400940480534555,0.1712769151704362
Aftermath ,LGF,"[datetime.datetime(2018, 10, 16, 15, 59, 47)]",9128,676,6549758,814,0.2474891656223893,0.3638184001670844,0.34108973519820873,0.3346388520178826,0.05090650821188327,921213.6363636364,0.9853194711228805,-0.06838802535062577
Hacksaw Ridge ,LGF,"[datetime.datetime(2016, 7, 28, 12, 59, 49)]",4120,763,1288490,439,0.1224406001472986,0.3968379993098358,0.35686710804579,0.3544034744357198,-0.017901542821866543,4297086.363636363,0.6957211513793434,0.05052525422984596
Little Italy ,LGF,"[datetime.datetime(2018, 7, 13, 14, 37, 25)]",21630,838,6269016,1873,0.14904936461388077,0.26538856304985337,0.28585934555618103,0.2812593138558726,0.046404278596171376,653913.6363636364,0.764062892178427,-0.050514487045095334
Boo 2 A Madea Halloween ,LGF,"[datetime.datetime(2017, 8, 18, 13, 29, 47)]",9161,458,5687996,1551,0.08306264902619069,0.2812597445930779,0.24092807983948525,0.35380392767225416,-0.033673438081275785,588517.3913043478,0.8092823561750059,0.08347827977103449
Rock Dog ,LGF,"[datetime.datetime(2016, 10, 6, 17, 21, 17)]",18298,672,6255818,2517,0.016363990040460633,0.3733037659508248,0.3550831302850077,0.3466763722952307,0.038197964371121516,2388482.6086956523,0.41061994973823146,0.019385413704345506
Genius ,LGF,"[datetime.datetime(2018, 7, 24, 6, 45, 15)]",5100,1147,7128710,900,0.1064451226453609,0.26472371093181385,0.3104088489385503,0.37114008007461596,-0.05636993584526146,598114.2857142857,0.6054547490467369,-0.09413225834760088
Hell Fest ,LGF,"[datetime.datetime(2018, 10, 19, 16, 0, 11)]",27427,1671,9774969,6100,0.022222222222222223,0.2685185185185185,0.3602377573631967,0.3563104730872544,-0.007929949935077672,954947.8260869565,0.9863026955021702,-0.1368543747136968
Traffik ,LGF,"[datetime.datetime(2018, 1, 12, 18, 0, 3)]",3704,763,720858,632,0.06994626382534765,0.32852310442083166,0.3101242168303025,0.33105669007332694,0.08427150279661134,499319.04761904763,0.754576088783718,-0.12519362132824535
Pain  Gain ,VIA,"[datetime.datetime(2012, 12, 19, 19, 47, 19)]",20734,1042,3893143,957,0.09755658387928046,0.39860649779909746,0.3669007579309016,0.3661297356016914,0.07225363853508916,46813.63636363636,1.5756020594632323,0.18290431653320827
Daddys Home 2 ,VIA,"[datetime.datetime(2017, 9, 6, 13, 21, 18)]",50080,1527,16283942,2316,0.029946496713262077,0.3292908573382325,0.3161886124573203,0.36211493835596,0.02543516111219178,96354.54545454546,1.464271553453743,-0.0471963528962793
Dinner for Schmucks ,VIA,"[datetime.datetime(2010, 4, 14, 15, 8, 2)]",14309,937,4616248,2117,0.22586231737012988,0.46709487734487726,0.3252112806262554,0.39983217416873407,0.19702987820750836,80031.81818181818,2.224139351091862,0.11450170462478183
Teenage Mutant Ninja Turtles Out of the Shadows ,VIA,"[datetime.datetime(2015, 12, 10, 5, 45, 30)]",42130,548,5207000,3621,0.09151795318239349,0.35724043104000747,0.33465227399552194,0.3401886922525899,-0.06553730800716832,55309.09090909091,2.546287024650999,-0.13133669006414464
Morning Glory ,VIA,"[datetime.datetime(2010, 6, 3, 18, 13, 14)]",170319,8249,21261424,22949,0.13223456790123458,0.30201234567901236,0.33920656452780434,0.35054289982775766,-0.03545357781579155,70504.54545454546,0.8150420783768303,-0.07695265248177406
Shrek Forever After ,VIA,"[datetime.datetime(2010, 3, 12, 17, 43, 30)]",83406,3242,23197842,10897,0.28150088652482275,0.4298941447146234,0.3677807791716466,0.3559577364607587,0.10244550417283252,59654.545454545456,0.8602873735863686,0.26795992313042555
Silence ,VIA,"[datetime.datetime(2016, 11, 23, 4, 12, 7)]",23826,750,5229212,3410,0.06285824810159706,0.35032471987917246,0.34493108089035046,0.3539511392248331,-0.00835323338672788,43608.69565217391,0.7523610119446538,-0.06804376440942017
Mother ,VIA,"[datetime.datetime(2017, 8, 8, 4, 2, 11)]",43028,31412,15892121,13681,0.047891391199166355,0.381715301544286,0.3352744616050218,0.3569484274119236,-0.024611593402655056,114509.09090909091,1.345661786046666,-0.03364735441019098
The Devil Inside ,VIA,"[datetime.datetime(2011, 10, 28, 20, 19, 48)]",5551,317,1855598,509,0.02157724078642446,0.5038633786848072,0.3937565877304836,0.40061555363416207,0.07921188968630423,20500.0,2.3112562156003675,-0.0007484186468235211
Baywatch ,VIA,"[datetime.datetime(2017, 3, 22, 13, 5, 28)]",16583,2204,2892290,3583,0.053896981254288684,0.3864568809227237,0.336909064306301,0.36278442948802886,-0.06733791658107958,45468.181818181816,1.0445591174201614,-0.05273025971245584
Suburbicon ,VIA,"[datetime.datetime(2017, 7, 27, 13, 27, 10)]",10631,1110,7296988,1283,0.09964002860033751,0.33495471918460423,0.3503612195577602,0.3559065122776409,0.021144276583537236,83431.81818181818,1.142747209134153,-0.06318352125016972
Mission Impossible – Fallout ,VIA,"[datetime.datetime(2018, 2, 5, 0, 16, 37)]",2002,90,1276524,219,0.11643074117441232,0.3461538302153828,0.3660958002737529,0.37820364064516027,0.0725924917132492,52775.0,2.106450095977628,0.12933323203682243
Monster Trucks ,VIA,"[datetime.datetime(2016, 6, 1, 16, 21, 22)]",34836,1319,10265483,6807,0.06691831992592465,0.4147600906161412,0.35886588005927145,0.37532457410451564,0.0740741747718579,49918.181818181816,2.032261154723278,0.03382698776658797
Flight ,VIA,"[datetime.datetime(2012, 6, 6, 23, 5, 16)]",32538,1182,7297177,3524,0.08104615349927852,0.4330088383838384,0.3961301214094486,0.3603320815994167,-0.013661643626992005,19218.18181818182,0.8273704621288044,-0.01120202947742247
The Gambler ,VIA,"[datetime.datetime(2014, 11, 5, 19, 21, 30)]",3982,214,1765045,1305,0.14371038426593985,0.4149211025599915,0.37474770874986096,0.3590167515843936,-0.05671512850368557,42969.565217391304,2.0359424503825974,0.03716728232983364
The Intervention ,VIA,"[datetime.datetime(2016, 7, 5, 16, 10, 21)]",14958,1598,6553101,1971,0.05939248743154993,0.3230173221839889,0.33439064860270257,0.36292495130427277,-0.07718848034095778,89961.90476190476,1.8026368489368423,-0.012858707050521922
Allied ,VIA,"[datetime.datetime(2016, 10, 5, 13, 45, 18)]",5380,961,5285515,3581,0.0943643377195511,0.3053195514466701,0.3196223750815786,0.3578263246899728,-0.02913591206713959,92054.54545454546,1.5551164489747333,-0.0735252050474508
The Guilt Trip ,VIA,"[datetime.datetime(2012, 10, 3, 16, 21, 19)]",17432,854,7224536,4936,0.17800475233661708,0.377044249273512,0.36451159162100455,0.37169709311503396,0.11249693010418695,16609.090909090908,1.7897696382766681,0.03075812545721459
Puss in Boots ,VIA,"[datetime.datetime(2011, 6, 20, 23, 38, 1)]",2668,128,1268481,357,0.25497018172799424,0.48499030483405486,0.3445880378626019,0.3495028057533328,-0.06686665205683213,24785.0,1.9898464954815318,-0.03367925116186576
Rise of the Guardians ,VIA,"[datetime.datetime(2012, 3, 28, 17, 0, 48)]",12376,572,5769745,728,0.16975407963953354,0.3856973224554368,0.3691246221113509,0.37672410662916367,-0.015626678873271002,12900.0,0.7688671230368507,-0.029332700911595736
Young Adult ,VIA,"[datetime.datetime(2011, 10, 8, 5, 22, 33)]",16984,7457,8273137,4095,0.20821428571428574,0.40130341880341874,0.24096694123353876,0.3206709913612567,-0.12566339778857677,34804.545454545456,3.703816170557393,-0.08590430190489955
Hansel  Gretel Witch Hunters ,VIA,"[datetime.datetime(2012, 9, 4, 16, 26, 48)]",6915,449,2850671,545,0.11735502436459695,0.4652571590765856,0.3848657441054669,0.3655784386784265,-0.0035892239099574817,15476.190476190477,0.5040391830020375,0.13073440008787263
Fences ,VIA,"[datetime.datetime(2016, 9, 27, 13, 31, 40)]",70771,6330,18480389,12713,0.20597503337957992,0.42262143453872775,0.33222007467894044,0.38272548326642797,-0.13872789463435375,65766.66666666667,2.258775662273247,-0.09605047847881028
Same Kind of Different as Me ,VIA,"[datetime.datetime(2016, 8, 17, 15, 9, 14)]",12886,2129,2011771,1899,0.07068720796399366,0.43640643252250394,0.30960175420784164,0.3423965576663907,-0.007115400227269609,52434.782608695656,1.0797516037184383,-0.16217358143698576
Scouts Guide to the Zombie Apocalypse ,VIA,"[datetime.datetime(2015, 8, 25, 13, 17, 1)]",174392,21971,32458560,27840,0.04156335241819114,0.380280640506447,0.40137147628497877,0.3833104251717093,-0.28573958023265206,148740.9090909091,6.2444814449116945,-0.28563842729769734
Instant Family ,VIA,"[datetime.datetime(2018, 9, 5, 18, 59, 17)]",15138,420,1271052,650,0.15156099171917553,0.34535524489272085,0.2859504831439885,0.3415254173952086,-0.032163737310179547,44131.818181818184,1.1171164748584719,0.055118803983906846
Approaching the Unknown ,VIA,"[datetime.datetime(2016, 4, 27, 16, 31, 5)]",18039,1422,3773090,1676,0.0818323153356164,0.38068144532881915,0.34691178129712286,0.34401327558935224,0.03998238199567117,82404.34782608696,2.0911322894020454,0.087970358731198
The Little Prince ,VIA,"[datetime.datetime(2015, 4, 21, 16, 16, 58)]",23925,896,10949443,1426,0.19037523142980317,0.41147801571905007,0.34125196866948915,0.36097066671180933,-0.0070460171672430336,29752.380952380954,1.1571581003862057,-0.05184091649704009
Bumblebee ,VIA,"[datetime.datetime(2018, 9, 24, 7, 0, 4)]",18476,2704,10270158,4241,0.13013587180595107,0.36027803240300327,0.32509221782624337,0.348987497657213,0.017641336404519765,51745.0,0.6707174626758079,-0.007606622814857266
The Wolf of Wall Street ,VIA,"[datetime.datetime(2013, 6, 17, 5, 40, 12)]",7402,737,2110616,1062,0.1329511685092998,0.3802603371665998,0.35056786926011124,0.3453602965625286,-0.020047803449693088,15810.0,1.3640846921943586,0.07285680416660455
Selma ,VIA,"[datetime.datetime(2014, 11, 7, 13, 47, 21)]",56062,3593,20980720,10589,0.10802148740754237,0.38415989257154914,0.3272526816777093,0.3330722538843047,-0.05012727745125843,44504.34782608696,1.819702406740223,0.009524021630929205
Justin Bieber Never Say Never ,VIA,"[datetime.datetime(2010, 10, 26, 9, 35, 7)]",13769,3016,3409043,1473,0.09559819969277765,0.4831722422047785,0.38373482017718086,0.34744217027992463,0.06336779709814966,41177.27272727273,0.6781690080391128,0.1075765861573005
Hercules ,VIA,"[datetime.datetime(2014, 6, 3, 17, 58, 37)]",6236,575,2179044,841,0.11787880711522826,0.3628220251694954,0.3578080571195794,0.3413318947383562,0.03235417844914438,10938.095238095239,1.1431687631549625,0.04177780551180477
An Inconvenient Sequel Truth to Power ,VIA,"[datetime.datetime(2017, 3, 28, 22, 56, 4)]",13931,205,1941623,493,-0.001090180609028548,0.40521804630833236,0.2967769354942414,0.303039184846074,0.028397507251948707,46118.181818181816,0.8809462811194853,-0.026413318056992197
Madagascar 3 Europes Most Wanted ,VIA,"[datetime.datetime(2012, 3, 20, 23, 42, 32)]",12910,3810,9096176,9656,0.2463622535478634,0.44209822883209976,0.3651456290372222,0.4326321916850731,-0.020086587710054844,12300.0,0.5671652289297099,-0.05203312708908163
Jackass 3D ,VIA,"[datetime.datetime(2010, 8, 11, 7, 59, 49)]",7257,277,1992350,585,0.27545454545454545,0.28818181818181815,0.32315208915814353,0.2791708502626369,-0.016559530744563077,58656.52173913043,0.6494118239428612,0.017353805766104482
10 Cloverfield Lane ,VIA,"[datetime.datetime(2016, 1, 15, 8, 15, 16)]",27659,2564,10689511,4298,0.10710426973107923,0.3846137515661862,0.30536506369760524,0.3451929396934482,-0.028204733725017878,69171.42857142857,0.7698321753110536,-0.15939729559794355
Jackass Presents Bad Grandpa ,VIA,"[datetime.datetime(2013, 7, 31, 20, 20, 21)]",12239,1230,3830986,854,0.1380445277864105,0.4777521952274446,0.41016384305417847,0.383575670880456,0.07462255089227213,24913.636363636364,1.983259307826987,0.15516133313601566
The Adventures of Tintin ,VIA,"[datetime.datetime(2011, 7, 11, 17, 37, 3)]",11436,642,3489466,761,0.2955981929254956,0.5338048245614034,0.36899320219241527,0.3380215606180566,0.042030557759097045,28305.0,1.5719965306648938,0.00792704997120338
Anchorman 2 The Legend Continues ,VIA,"[datetime.datetime(2013, 10, 23, 6, 59, 34)]",7629,513,4719599,976,0.11380519768388127,0.4375607534547696,0.34522230822366395,0.3394105688731193,0.010168749452755794,20552.17391304348,1.136978566794652,-0.044536401447759104
Paranormal Activity 3 ,VIA,"[datetime.datetime(2011, 7, 22, 9, 46, 18)]",33094,2910,6693930,2385,-0.03588705822417924,0.5151856382639723,0.33789719303780247,0.34659956943658815,0.022953948309359706,29363.636363636364,1.2020559608032095,-0.09823120884748539
Star Trek Into Darkness ,VIA,"[datetime.datetime(2013, 4, 16, 16, 19, 44)]",1621,128,1131719,319,0.0940574842136293,0.39428339217374825,0.3492088632006523,0.34340415739203906,0.043921542249693774,16638.095238095237,1.4948190528184215,0.10063659207077065
Labor Day ,VIA,"[datetime.datetime(2013, 10, 31, 17, 16, 41)]",8745,266,3750090,920,0.2555224867724868,0.43828483245149913,0.35090813220988537,0.3786233340685211,-0.010895345857527793,17543.478260869564,1.2776735705073514,-0.04995820492969261
Daddys Home ,VIA,"[datetime.datetime(2015, 6, 19, 16, 40, 42)]",41075,1258,11521382,3338,0.2584090909090909,0.30219696969696974,0.38654786160486615,0.3044387407889708,0.029152837945201935,52077.27272727273,0.6669574018893137,-0.08351399334225436
BenHur ,VIA,"[datetime.datetime(2016, 3, 16, 16, 11, 10)]",7305,845,2865741,856,0.06270141876788875,0.40244882953580496,0.32443098357947264,0.33874173442434913,0.17619767818361845,72336.36363636363,1.8988937754592714,0.08256358239058009
Hot Tub Time Machine 2 ,VIA,"[datetime.datetime(2014, 12, 10, 19, 52, 55)]",22293,1024,9538361,2766,0.0627202581369248,0.23225811354283576,0.2905919070285998,0.3351095588040139,0.041364958933668594,33309.09090909091,1.9488011902991356,0.022507861960583568
Annihilation ,VIA,"[datetime.datetime(2017, 12, 13, 14, 0, 3)]",8356,1339,3846746,594,0.07018317654151617,0.34744573300750786,0.30726779833934326,0.3385408883781973,0.132670206092479,49109.09090909091,1.4836355760469324,0.2672496052585073
Sherlock Gnomes ,VIA,"[datetime.datetime(2017, 11, 7, 16, 1, 9)]",12646,724,1669556,1439,0.05041694581873154,0.31307782330103756,0.33940959359898687,0.34465452871673374,-0.10898369965145228,71700.0,1.889856913432326,0.001683784512468331
Ghost in the Shell ,VIA,"[datetime.datetime(2016, 11, 13, 10, 47, 41)]",80302,2818,22455888,10734,0.10008401732843322,0.3777053997612631,0.3108293580653579,0.33153409711006565,0.06222078445393517,51571.42857142857,0.8138292986170054,-0.03780952739617831
Nobodys Fool ,VIA,"[datetime.datetime(2018, 6, 18, 13, 21, 20)]",96995,4984,20881230,13801,0.17424619605055108,0.3053400647815542,0.31036020953504645,0.34341933951196074,0.0530344525486117,38635.0,0.9239362703024036,-0.011697300576117557
Paranormal Activity The Ghost Dimension ,VIA,"[datetime.datetime(2015, 6, 24, 7, 22, 2)]",8600,674,4945150,3520,0.03692275975668647,0.4218818547576356,0.34277741495209774,0.3406579227879874,0.016742181277407626,53577.27272727273,0.6751842958954593,-0.139093762067494
Mission Impossible – Rogue Nation ,VIA,"[datetime.datetime(2015, 3, 23, 15, 19, 26)]",9376,386,2526592,1344,0.17533182020265126,0.4406153042230278,0.3890787925580487,0.3521420458719974,0.009862962593603954,32619.04761904762,0.893238161253733,0.00841479295622562
Paranormal Activity 4 ,VIA,"[datetime.datetime(2012, 9, 27, 7, 29, 13)]",12247,1068,4509969,2536,0.05166459244121053,0.44292898042156936,0.3780503289534568,0.36863484782448264,0.08064141983891392,15281.818181818182,1.8983933140782028,0.04388117180240629
The Cloverfield Paradox ,VIA,"[datetime.datetime(2018, 2, 9, 16, 0, 3)]",6046,1024,1833783,1235,0.03723497592211389,0.4817395969036495,0.38911647118218,0.32876150372329527,0.1579730161176198,60600.0,1.5362590444757835,0.13133932388449437
The Dictator ,VIA,"[datetime.datetime(2011, 12, 14, 18, 19, 7)]",15801,1190,6537137,3707,0.11966666984523752,0.4054477486471288,0.3643844021231219,0.3825410679216406,-0.10837250945003953,25922.727272727272,1.888173236100259,-0.005052211292949829
Goat ,VIA,"[datetime.datetime(2016, 7, 8, 16, 22, 12)]",95760,3645,27995510,5791,-0.054869356113869276,0.4069587610669015,0.3512079304311538,0.38427869629675443,0.038471718870236045,86859.09090909091,1.7644909568234373,-0.016968507950592203
Captive ,VIA,"[datetime.datetime(2015, 6, 16, 21, 11, 47)]",95760,3645,27995510,5791,0.15395796197266787,0.4311400241914948,0.37801323150476546,0.35224948778402293,0.024686070221291993,51542.857142857145,0.7857125331611005,-0.07067588594429361
Men Women  Children ,VIA,"[datetime.datetime(2014, 9, 18, 6, 27, 27)]",95760,3645,27995510,5791,0.2284371861811125,0.34507974392378776,0.3348975647478611,0.38377002216431005,-0.0053868284670624865,20577.272727272728,0.6665654734490359,-0.14211788573661222
The Last Airbender ,VIA,"[datetime.datetime(2010, 2, 18, 19, 20, 15)]",52626,4882,14087380,11699,0.11061539431700533,0.4362129973523688,0.315565814733899,0.30623528971496095,-0.029221733571862668,58981.818181818184,0.7521332214826294,0.03736553805006179
Florence Foster Jenkins ,VIA,"[datetime.datetime(2016, 4, 27, 15, 18, 38)]",23837,1176,4355853,3496,0.17414562408588144,0.4027295906707671,0.40645171480919573,0.36844601120293385,0.03998238199567117,82404.34782608696,2.0911322894020454,0.087970358731198
Downsizing ,VIA,"[datetime.datetime(2017, 9, 12, 4, 0)]",3117,142,855613,218,0.10682896723741332,0.39357813202887026,0.32653113550869517,0.34255813780543926,-0.08592767941450066,66757.14285714286,1.4404409908419813,-0.15904523302831955
Book Club ,VIA,"[datetime.datetime(2018, 3, 2, 8, 0, 41)]",44794,3372,11859726,4750,0.10664976612893279,0.37764945445500997,0.39399237582438285,0.37619772230356324,0.012836972297169078,44245.454545454544,0.9024738101042573,0.0013571288247915777
Office Christmas Party ,VIA,"[datetime.datetime(2016, 11, 3, 15, 21, 59)]",4428,595,14685137,444,0.08003678232916248,0.4153326398360645,0.39451000863622926,0.39611535933460834,-0.032713706613861554,55243.47826086957,0.9000334346236708,-0.05225888084359974
Jack Ryan Shadow Recruit ,VIA,"[datetime.datetime(2013, 10, 4, 0, 49, 29)]",12168,968,9035026,2326,0.08995809014252014,0.30893054431177597,0.2819903940889095,0.3426376540447817,0.041956468338009215,30486.956521739132,1.3344532064352574,0.03751354061081961
Action Point ,VIA,"[datetime.datetime(2018, 3, 21, 17, 59, 5)]",25994,14014,5631794,4363,0.050890627445225385,0.4424239604775522,0.3854756700390614,0.3545807744165521,-0.003657994858503241,24509.090909090908,0.5169479048859509,-0.0979028831533715
Kung Fu Panda 2  Official Teaser Trailer_comments.csv,VIA,"[datetime.datetime(2010, 11, 8, 17, 35, 34)]",1405670,51771,79691518,130150,0.14936183848539417,0.3611652994531146,0.3895163344655258,0.39042683644221593,0.06165032687221888,42652.380952380954,0.9282476176476072,0.1092743543358706
Katy Perry Part of Me ,VIA,"[datetime.datetime(2012, 4, 4, 16, 0, 35)]",168911,9716,29284261,17892,0.31734387375642914,0.4696459513741338,0.3907852662313704,0.3818610126397377,-0.07056225072436852,13539.130434782608,1.0354650238868353,-0.039631379615199934
Jack Reacher Never Go Back ,VIA,"[datetime.datetime(2016, 6, 22, 13, 14, 8)]",143165,6335,30363531,17113,0.13656283597619642,0.34621421234868893,0.3355958253368135,0.3512318866733495,0.13720672064713277,88663.63636363637,1.8036855096099895,0.1398769649911116
Everybody Wants Some ,VIA,"[datetime.datetime(2015, 12, 22, 17, 32, 59)]",23693,1678,10459911,2320,0.09496606691919192,0.3819939435564435,0.40245327727311203,0.3530102776501377,-0.17011190693704822,63880.95238095238,4.221201871872137,-0.14456817277749792
The Big Short ,VIA,"[datetime.datetime(2015, 9, 22, 12, 44, 46)]",39062,5575,17282437,577,0.087990318948109,0.3330440660886967,0.29789443397678383,0.3449442454923088,0.1349371797422485,110580.95238095238,2.032477610045081,0.26389299066950844
Rings ,VIA,"[datetime.datetime(2016, 8, 24, 11, 30, 13)]",23664,1667,9822375,3450,0.07664682539682538,0.47366071428571427,0.40768997514683014,0.3887172104361207,-0.06490625930982287,58343.47826086957,1.1834630315630312,-0.20887090541190048
The SpongeBob Movie Sponge Out of Water ,VIA,"[datetime.datetime(2014, 7, 31, 14, 27, 35)]",47556,4467,14631658,18463,0.12081612479664149,0.3773384296439948,0.3261713087170301,0.3526110195088309,-0.04337835646123943,19622.727272727272,1.2073859877178308,-0.07122119760823437
A Quiet Place ,VIA,"[datetime.datetime(2018, 2, 12, 20, 0)]",13930,1363,3942597,2945,0.13084521214245007,0.396369275784002,0.33235916983078767,0.3538838405372837,0.04200531853960912,54355.0,0.9940084051332382,0.08604952612252677
Arrival ,VIA,"[datetime.datetime(2016, 8, 16, 14, 0, 3)]",93762,13867,21945333,14776,0.06638556707089475,0.3651451837643607,0.3060614798594499,0.3440625243416462,-0.030087642019779655,49854.545454545456,1.1040223753346066,-0.1588863064496008
Cowboys  Aliens ,VIA,"[datetime.datetime(2010, 11, 18, 19, 35, 50)]",12374,1687,6867664,4446,0.1148625183133482,0.4318242335661229,0.38606354045017915,0.3538089102818175,0.08957082273051996,49413.04347826087,1.1660941299241625,0.09902454049209472
Paranormal Activity 2 ,VIA,"[datetime.datetime(2010, 6, 30, 14, 0, 17)]",70221,1360,17879649,11634,0.0345505553067582,0.40028155091000567,0.3162732638036943,0.3387626111776519,-0.02007557609420768,65118.181818181816,1.3501801065048218,0.02819262699572584
Project Almanac ,VIA,"[datetime.datetime(2014, 11, 18, 23, 20, 55)]",56114,6609,12702652,7120,0.2015670859538784,0.4358306246669623,0.3652046256484863,0.3568521752190505,0.0662920252547196,40163.63636363636,1.5307897678584845,0.09496930655812481
Teenage Mutant Ninja Turtles ,VIA,"[datetime.datetime(2014, 6, 24, 15, 56, 39)]",3031,715,2016410,523,0.08956912682164539,0.4618899212846601,0.3794971906849296,0.35229053890679457,0.0014413573848641652,10647.619047619048,0.8386219300595811,0.010948651550179923
Paranormal Activity The Marked Ones ,VIA,"[datetime.datetime(2013, 10, 17, 15, 52, 45)]",130067,16624,27425916,19241,0.022909592066748273,0.4088566799421369,0.33856396995125804,0.3480673358888422,-0.004662436280371505,22608.695652173912,1.0444218695651677,-0.03814427085642456
Jack Reacher ,VIA,"[datetime.datetime(2012, 7, 5, 16, 0, 46)]",38454,138751,16798203,34729,0.04801913176913177,0.42500226875226876,0.3902236267361108,0.36230778559339855,0.03879670016843321,12322.727272727272,0.7807151649818637,-0.013451200941440599
13 Hours The Secret Soldiers of Benghazi ,VIA,"[datetime.datetime(2015, 7, 29, 1, 15, 52)]",17404,2287,7674109,2668,0.0822893772893773,0.41371716097522554,0.3895417466639069,0.30997344713385494,-0.1254635676270972,60145.454545454544,2.8044630463525646,-0.3746687685041489
Interstellar ,VIA,"[datetime.datetime(2014, 5, 16, 17, 0, 22)]",3966,353,8275307,625,0.15646762172000073,0.3988114749362849,0.345456500453237,0.3553518953082257,0.007076974682222038,12881.818181818182,0.548014813609704,0.04133933159268206
Overlord ,VIA,"[datetime.datetime(2018, 7, 18, 12, 59, 34)]",41280,1990,9229408,2593,0.06448116500445966,0.341323359505621,0.3112890830312272,0.34585176153573816,-0.02881827700177841,26086.363636363636,0.5083342080776406,0.03072213610387066
Star Trek Beyond ,VIA,"[datetime.datetime(2016, 5, 21, 4, 10, 53)]",41280,1990,9229408,2593,0.15192153441861322,0.37203115059114183,0.3170990802458579,0.3191017239795216,-0.06412261140521172,49186.36363636364,1.491824591026481,0.08146277938155388
Super 8 ,VIA,"[datetime.datetime(2011, 6, 7, 5, 35, 39)]",101168,6296,39952151,4073,0.06089285714285714,0.06589285714285714,0.17223100884615192,0.18637314446988287,-0.03022590678223558,28028.571428571428,0.8735585802591874,0.007836368098453252
Area 51 ,VIA,"[datetime.datetime(2015, 4, 23, 20, 27, 18)]",171949,52810,32472000,22452,-0.008437588577097503,0.45714888038548757,0.3663649954355979,0.3221972656813628,0.022514208442425063,28863.636363636364,1.1608724182781618,-0.02802788781412585
The Night Before ,SNE,"[datetime.datetime(2015, 9, 2, 20, 2, 47)]",135469,9581,37594401,23684,-0.02833333333333334,0.26333333333333336,0.3480643755454004,0.37629142708177404,-0.08249273844983478,1216543.4782608696,1.2035646666461604,-0.07568998812111881
American Hustle ,SNE,"[datetime.datetime(2013, 8, 1, 16, 21, 51)]",13150,1136,8009511,1468,0.14991139647389645,0.39292076364993034,0.33154738957873103,0.3725329441883865,0.006877694571194096,2127427.272727273,0.4615803024700282,-0.0855688637732708
Rough Night ,SNE,"[datetime.datetime(2017, 3, 8, 19, 0, 5)]",11451,642,4422859,1608,-0.02617539823833358,0.41557339889958195,0.36704750866703834,0.3547764709399875,-0.037570564714813515,683404.5454545454,0.38752866940498615,0.007474333755596804
Spectre ,SNE,"[datetime.datetime(2015, 7, 22, 7, 1, 2)]",22363,7119,9301991,2402,0.2090149367165185,0.3913326320598698,0.365117409259549,0.3654933664531574,-0.06950826754545375,1736109.0909090908,1.2864828879362924,-0.20513693723178716
Venom ,SNE,"[datetime.datetime(2018, 4, 24, 3, 45, 3)]",20031,1439,6794290,5809,0.08044999764426196,0.26642688655228186,0.3097484947983527,0.35629183388037644,0.01771759595517978,1282709.5238095238,0.6778452541495441,-0.042964179907183236
Blade Runner 2049 ,SNE,"[datetime.datetime(2017, 5, 8, 16, 35, 21)]",12389,709,2895230,194,0.09981277844206954,0.3637710812553182,0.3268082262919042,0.34634526962980106,0.10115877059065559,898590.0,1.3226262593399627,0.16831414755177365
Passengers ,SNE,"[datetime.datetime(2016, 9, 20, 10, 0, 6)]",67008,3205,17651805,7257,0.12998575997402873,0.36525215537577443,0.3250467634405833,0.35258649228885164,-0.01666143310905816,908542.8571428572,0.5278299136229854,-0.024392372612779583
Aloha ,SNE,"[datetime.datetime(2015, 2, 12, 1, 28, 41)]",19739,774,11245194,1798,0.1602090374513419,0.4051016054111114,0.3416836351419376,0.3692684429387376,0.27998093524259005,2748259.090909091,2.158403154912137,0.19706949733687937
The Angry Birds Movie ,SNE,"[datetime.datetime(2016, 1, 27, 0, 0, 15)]",44786,3621,17955176,10941,0.05595727659991621,0.3240816093600597,0.3432886927678144,0.35568284801800926,-0.14714231694813057,1898738.0952380951,1.4881527276173077,-0.15426318505039457
Life ,SNE,"[datetime.datetime(2017, 2, 5, 19, 45, 15)]",2115,291,694022,208,0.03775820977827902,0.39708147137867605,0.28819734370285255,0.32786710628821214,0.09323200853291987,997405.0,0.7886597636766673,0.05572945111635127
The Amazing SpiderMan ,SNE,"[datetime.datetime(2012, 2, 5, 1, 58, 8)]",89075,4846,7986639,7905,0.1134668373031025,0.44581173707181593,0.3533673969428046,0.3301160499515686,0.10149065520032749,1408255.0,0.6453662269967017,0.15329214045007777
RoboCop ,SNE,"[datetime.datetime(2013, 9, 5, 23, 25, 45)]",76062,2836,19690195,11783,0.08565975930971194,0.41052884099043724,0.31662515260329405,0.3193225927585015,0.017857192953347607,2164227.272727273,0.34276078055176035,0.013049729064978468
Pixels ,SNE,"[datetime.datetime(2015, 3, 17, 23, 28, 1)]",3263027,50883,99143403,296671,0.04725890727871238,0.42238226017540137,0.3736605760273776,0.35683968287577117,0.005638990766882191,1725161.9047619049,0.6639212357547856,0.12130907893884285
Total Recall ,SNE,"[datetime.datetime(2012, 4, 1, 23, 46, 5)]",6014,254,1807517,1213,0.08331699172182658,0.4003930498575798,0.327866102062457,0.3438127742347308,-0.018677297749894954,1370919.0476190476,0.47725393600150945,-0.2611874407852894
Men in Black 3 ,SNE,"[datetime.datetime(2011, 12, 11, 1, 46, 22)]",20155,1957,8831774,1174,0.11212000807157312,0.38493655000114363,0.3647495145235392,0.36194148178407504,0.04218939444891245,1391930.0,0.6557767327058965,0.00839402031184684
Sausage Party ,SNE,"[datetime.datetime(2016, 5, 19, 17, 17, 23)]",54803,3506,20125072,6671,0.03564516805464165,0.3620685620335505,0.35219276513540215,0.3711052954258312,-0.024672977336899427,1824882.608695652,1.1758821840100988,0.04425108118532131
SMURFS 2 3D  Official Trailer_comments.csv,SNE,"[datetime.datetime(2013, 6, 20, 6, 52, 20)]",151888,8480,36157709,12905,0.07759986225895317,0.3925677226813591,0.20468203631211357,0.3495926657648188,-0.12527287533741582,7177990.909090909,0.9587089958837569,-0.03925408098742821
The Dark Tower ,SNE,"[datetime.datetime(2017, 5, 3, 13, 19, 17)]",2138,597,1063675,244,0.09507922780117528,0.3800750796217661,0.31709592639478323,0.3245624515107426,0.04815284146134514,853822.7272727273,1.122310533263767,0.1367448496267066
The Emoji Movie ,SNE,"[datetime.datetime(2017, 5, 16, 13, 30, 1)]",20211,1456,3762914,2479,-0.01403348148539873,0.28577760766453647,0.3127987845189229,0.3399223445265617,0.11400752541397342,909009.0909090909,1.2427559025721038,0.15526027232358822
Flatliners ,SNE,"[datetime.datetime(2017, 6, 13, 13, 0, 2)]",6286,234,1385019,371,0.09074914474953516,0.40876233291878494,0.32475860201347906,0.34858721152368577,0.044966017822024154,1205409.5238095238,0.9491844815424921,0.13113859413369333
White House Down ,SNE,"[datetime.datetime(2013, 5, 3, 4, 0, 12)]",9909,628,8378393,1003,0.0805857397776911,0.37893360690235695,0.3468918930637723,0.342843024631176,0.044431114156229246,2619739.1304347827,0.2740374713282191,0.18155309496530223
SpiderMan Homecoming ,SNE,"[datetime.datetime(2016, 12, 10, 4, 55, 39)]",17063,606,3065100,1765,0.13758983772382896,0.36411954969669746,0.3337085945196815,0.35752444541976114,-0.014745395840761741,924619.0476190476,0.6826024295719954,-0.010645620895643358
Hotel Transylvania 2 ,SNE,"[datetime.datetime(2015, 6, 17, 15, 0, 39)]",60364,3466,15061033,12195,0.2534416331587909,0.3916499911119476,0.3791388984626036,0.395873798807332,-0.07704164475804005,1129086.3636363635,0.9512206071484977,-0.14342507599577747
Jumanji Welcome to the Jungle ,SNE,"[datetime.datetime(2017, 6, 29, 13, 0, 1)]",12832,2140,9989582,615,0.019872965541650894,0.3846919408082449,0.3479665004224339,0.3339756776062556,0.04934213301821357,1020156.5217391305,0.7479877297884233,0.11756992676748114
The Amazing SpiderMan 2 ,SNE,"[datetime.datetime(2013, 12, 5, 13, 26, 27)]",45006,1245,7683587,3388,0.10817413794207449,0.42891849865014037,0.37072260981212324,0.3547567770385856,0.05578626001879378,3399850.0,0.7256558547142189,0.018231948040946414
FURY  Official Trailer sony_comments.csv,SNE,"[datetime.datetime(2014, 6, 25, 7, 5, 2)]",52131,1281,10203425,7312,0.1038138817793704,0.37474274231241744,0.31369474608167425,0.34842114532389723,0.016225839161024633,2545872.727272727,0.29360600024022826,0.06186813310769282
Hotel Transylvania ,SNE,"[datetime.datetime(2012, 6, 21, 16, 27, 6)]",1355444,45820,68931970,117452,0.1955240696380178,0.4266661827332559,0.4035979687041598,0.37270777683010536,-0.03214269432103219,1612177.2727272727,0.4051444080102692,-0.13417191443583226
SEX TAPE MOVIE  Official Red Band Trailer_comments.csv,SNE,"[datetime.datetime(2014, 3, 31, 23, 33, 26)]",161900,5130,20862170,15051,0.07747460298816888,0.430366929492414,0.3858050358214547,0.3722477089054512,0.11845233876885042,2332342.8571428573,0.5165621148751622,0.003341123664651098
The Interview_comments.csv,SNE,"[datetime.datetime(2014, 11, 25, 0, 30, 14)]",8750,444,2710483,2031,0.1985687719587176,0.4230672015182885,0.36606007732123663,0.3653049051677453,0.2545767384053635,3197281.8181818184,1.157938886005382,0.1747348346234515
21 Jump Street ,SNE,"[datetime.datetime(2011, 11, 1, 22, 27, 12)]",101183,3618,30398105,10211,-0.046018913089225566,0.3086668771043771,0.30314603926853784,0.3011454959651191,0.0883489407335324,1312768.1818181819,1.077852310619226,-0.018348509372089896
The 5th Wave ,SNE,"[datetime.datetime(2015, 9, 14, 23, 0, 32)]",157147,6890,22431014,17851,0.19372158444276066,0.41414248890854344,0.3611628362497437,0.3551429965820027,-0.03242642255782897,1397610.0,0.9450562862661451,0.009578695580362138
The Equalizer ,SNE,"[datetime.datetime(2014, 6, 16, 16, 7, 14)]",85767,4026,28978362,6757,0.16617852633477637,0.3254208754208755,0.35451679424019056,0.3669733740310674,-0.0036762757121370088,2390640.0,0.14487365929746995,0.02357328169387802
After Earth ,SNE,"[datetime.datetime(2012, 12, 10, 19, 54, 23)]",623962,14167,87724994,81118,0.13027344373692945,0.435195869532672,0.36255158673568993,0.3323346648236544,-0.06291084862599111,2577085.0,0.2966812040593492,0.04044472756143172
Only the Brave ,SNE,"[datetime.datetime(2017, 10, 4, 16, 0, 8)]",5792,1910,10608090,350,0.07045068027210884,0.30914115646258505,0.34805043788820483,0.3913411201990539,-0.042852280953591976,728254.5454545454,1.2307651509520618,0.15150851158617057
Disneys The Nutcracker and the Four Realms  Teaser Trailer_comments.csv,DIS,"[datetime.datetime(2017, 12, 19, 13, 16, 10)]",23919,1087,6449152,3338,0.10723242618671991,0.30711223142880717,0.29954038206693695,0.3506187122586035,0.09692894377823312,10243723.80952381,3.1293070187462355,0.07894941775977021
ThorThe Dark World ,DIS,"[datetime.datetime(2013, 8, 7, 13, 0, 3)]",14724,448,3303444,2919,0.14157893616535872,0.38680287365446453,0.3457992659919061,0.3544407386914437,0.018544386933876528,6772147.826086956,0.8536223777981614,-0.050494279403774704
Avengers ,DIS,"[datetime.datetime(2018, 12, 7, 13, 1, 21)]",17918,939,10279817,5091,0.10959758247704679,0.2543389811246954,0.2593678964456554,0.337312829244424,-0.035893991066564025,9180076.19047619,1.9871845734138927,-0.04996480573821711
Frankenweenie Trailer disney_comments.csv,DIS,"[datetime.datetime(2012, 3, 2, 19, 39, 37)]",745,310,136976,206,0.19672430377470207,0.4407308092234563,0.31670635212249953,0.35779855570911406,0.07704032190520325,9783200.0,0.8766142999689617,0.10562082050504155
Inside Out ,DIS,"[datetime.datetime(2014, 12, 11, 14, 0, 53)]",1858,520,897045,538,0.2539973692682712,0.44049126220008344,0.38800164887396194,0.3427073483753166,0.032631152619031115,6368481.818181818,1.5523449235707811,0.05901494139975521
Bige Hero 6 ,DIS,"[datetime.datetime(2014, 7, 15, 14, 50, 19)]",180333,9511,16004951,20590,0.2105213405732062,0.41395074256885117,0.34199594627128366,0.3647067289826563,0.03421371256691579,6208771.428571428,1.6442041134748322,0.0700642063553049
Moana ,DIS,"[datetime.datetime(2016, 9, 15, 12, 47, 5)]",450130,17397,44747748,53621,0.15641727066102823,0.38802161796568835,0.3477487386978893,0.36957600883176683,-0.04521061139231311,6697722.7272727275,1.4638308517138368,-0.060285246181723054
Mars needs Moms,DIS,"[datetime.datetime(2010, 11, 22, 22, 8, 6)]",143637,8533,22922899,13450,0.08642606149092,0.4079350104821803,0.3325858253971297,0.3209103525225256,0.04201964401557909,13899838.095238095,0.6266468625051235,0.0734318722998691
Coco Official US Teaser Trailer_comments.csv,DIS,"[datetime.datetime(2017, 6, 7, 23, 30, 1)]",406085,21496,45257837,88157,0.144320306945827,0.3247392875255649,0.3286564212490254,0.3562558671919125,-0.049362866887013225,7834231.818181818,1.6594710122452714,-0.07027783098254616
Iron Man 2 ,DIS,"[datetime.datetime(2013, 4, 12, 20, 25, 18)]",41280,1990,9229408,2593,0.03223039215686274,0.5362745098039216,0.3582137924749423,0.4416759155524387,0.05598202430258451,7317195.454545454,1.352915257406774,0.16949736765950474
Disneys The Finest Hours  Trailer 1_comments.csv,DIS,"[datetime.datetime(2015, 7, 8, 15, 56, 45)]",41280,1990,9229408,2593,0.17905062811546896,0.42038480939230005,0.3979547264495794,0.36890581815600926,0.0601148144643601,6377236.363636363,2.3826632673432298,0.005985784717572048
Queen of Katwe  Official Trailer_comments.csv,DIS,"[datetime.datetime(2016, 5, 10, 16, 2, 6)]",20460,554,6896620,4495,0.2564990007542301,0.450920637829912,0.34904109347667067,0.35968716879011153,0.10730241933978983,7315622.7272727275,2.877182400555435,0.010460462421054435
Zootopia US Teaser_comments.csv,DIS,"[datetime.datetime(2015, 6, 11, 15, 58, 28)]",23873,901,5182740,1614,0.1270504457591951,0.39135675050032664,0.33327759107971416,0.35984096264787774,0.01263281008370642,5104750.0,0.6390633819519186,0.07164363075653916
Toy Story 3 ,DIS,"[datetime.datetime(2009, 10, 13, 22, 26, 6)]",136432,8121,36063396,13017,0.3539959017618092,0.49152094307967803,0.3709800247889877,0.36894286346335575,0.011752001692776232,11193854.545454545,0.41876666983757266,0.08163261802019849
Guardians of the Galaxy ,DIS,"[datetime.datetime(2014, 2, 20, 19, 36, 11)]",2466,109,725513,225,0.21157280132803719,0.40913361558210226,0.35350268602393237,0.37564170002552144,0.06725096165269019,8455781.818181818,3.028604716819392,0.07675059538925812
Captain AmericaFirst Avenger ,DIS,"[datetime.datetime(2011, 3, 21, 19, 1, 51)]",44528,3546,18739306,6278,0.10542135459825193,0.4466957293048563,0.3948144259538826,0.3504223971123159,-0.01946062478907904,11164465.0,0.9512048464983003,-0.009169766119641112
The Lion King Official Teaser Trailer_comments.csv,DIS,"[datetime.datetime(2018, 11, 22, 22, 32, 21)]",38603,2308,12522803,3292,0.10263659719549582,0.28835811609383466,0.2836054936280601,0.35007520153133453,-0.04089945865519125,8502559.090909092,1.8715139628096655,-0.11439673394340502
Pirates of the Caribbean Dead Men Tell No Tales Teaser Trailer_comments.csv,DIS,"[datetime.datetime(2016, 10, 3, 1, 6, 21)]",215407,26946,18784904,31859,0.08233938970528615,0.3265833987461145,0.316333670993117,0.3489560621870225,-0.013965996715558553,7939100.0,0.6849938002065102,-0.004644076575345888
Wreckit Ralph ,DIS,"[datetime.datetime(2012, 6, 6, 19, 29, 50)]",58892,9164,35518523,7633,0.08829847511395131,0.374108205507015,0.320991321205012,0.3466757983768367,0.03902318732456007,11189931.818181818,0.5650382257318994,0.09248290433336767
Captain AmericaThe Winter Soldier ,DIS,"[datetime.datetime(2014, 2, 2, 23, 12)]",9639,507,5351098,1406,0.14946304526284002,0.3986167041049851,0.38114037294593656,0.3583851544321058,-0.045985926502330444,6951235.0,1.372586038796432,0.09387053407728278
Beauty and the Beast Official US Teaser Trailer_comments.csv,DIS,"[datetime.datetime(2016, 5, 23, 12, 32, 31)]",593372,30984,45085861,50522,0.16169734123416113,0.39957364566619313,0.34486244887750045,0.3579951680702524,-0.05154447442723488,8636000.0,2.5405850751546435,-0.05577342657849114
Iron Man 3 ,DIS,"[datetime.datetime(2013, 3, 5, 17, 0, 11)]",28640,1210,12862078,4376,0.10715447691165286,0.3564985397566741,0.3484808060545678,0.3628449263294963,0.04786611007340773,9312952.38095238,0.7125790317079647,0.0674234949229817
Captain AmericaCivil War ,DIS,"[datetime.datetime(2015, 11, 25, 5, 58, 5)]",86805,4785,25685827,10241,0.0533917563010555,0.33329155837725893,0.32300313113305773,0.3526401432438139,0.04536648628476145,8484569.56521739,2.051921437486089,-0.06063939429720257
AvengersAge of Ultron ,DIS,"[datetime.datetime(2014, 10, 23, 1, 17, 7)]",238641,14952,18981005,38740,0.10565623675952744,0.370351286337355,0.34797391673041556,0.3692185482713264,-0.0036233956222726667,8632569.56521739,2.226468036668041,0.007335631005981679
Cars 2,DIS,"[datetime.datetime(2011, 5, 12, 0, 9, 39)]",57154,2324,24765955,13157,0.3333333333333333,0.4361111111111111,0.36799003609699366,0.42562590077133156,-0.0012008772138911632,9040572.727272727,0.7968904579903613,-0.07538535450330434
Monsters University Teaser  Pony_comments.csv,DIS,"[datetime.datetime(2012, 6, 20, 7, 6, 43)]",34642,2603,10821849,4380,0.15645251046371658,0.3842760708959478,0.34579148523371067,0.3718886597373441,0.0752421151475017,9807972.727272727,1.146089139949926,0.08860769218553373
